agreement;institution;is_hybrid;period;doi
CSIC-Wiley;Consejo Superior de Investigaciones Cientificas (CSIC);TRUE;2023;10.1002/adem.202300226
CSIC-Wiley;Consejo Superior de Investigaciones Cientificas (CSIC);TRUE;2023;10.1002/adfm.202209421
CSIC-Wiley;Consejo Superior de Investigaciones Cientificas (CSIC);TRUE;2023;10.1002/adfm.202213109
CSIC-Wiley;Consejo Superior de Investigaciones Cientificas (CSIC);TRUE;2023;10.1002/adfm.202215125
CSIC-Wiley;Consejo Superior de Investigaciones Cientificas (CSIC);TRUE;2023;10.1002/adfm.202304059
CSIC-Wiley;Consejo Superior de Investigaciones Cientificas (CSIC);TRUE;2023;10.1002/adma.202210477
CSIC-Wiley;Consejo Superior de Investigaciones Cientificas (CSIC);TRUE;2023;10.1002/adma.202212226
CSIC-Wiley;Consejo Superior de Investigaciones Cientificas (CSIC);TRUE;2023;10.1002/admt.202300486
CSIC-Wiley;Consejo Superior de Investigaciones Cientificas (CSIC);TRUE;2023;10.1002/adom.202300135
CSIC-Wiley;Consejo Superior de Investigaciones Cientificas (CSIC);TRUE;2023;10.1002/adom.202300983
CSIC-Wiley;Consejo Superior de Investigaciones Cientificas (CSIC);TRUE;2023;10.1002/adsc.202300076
CSIC-Wiley;Consejo Superior de Investigaciones Cientificas (CSIC);TRUE;2023;10.1002/ajb2.16159
CSIC-Wiley;Consejo Superior de Investigaciones Cientificas (CSIC);TRUE;2023;10.1002/aqc.3926
CSIC-Wiley;Consejo Superior de Investigaciones Cientificas (CSIC);TRUE;2023;10.1002/aqc.3943
CSIC-Wiley;Consejo Superior de Investigaciones Cientificas (CSIC);TRUE;2023;10.1002/ar.25223
CSIC-Wiley;Consejo Superior de Investigaciones Cientificas (CSIC);TRUE;2023;10.1002/asmb.2765
CSIC-Wiley;Consejo Superior de Investigaciones Cientificas (CSIC);TRUE;2023;10.1002/bies.202300038
CSIC-Wiley;Consejo Superior de Investigaciones Cientificas (CSIC);TRUE;2023;10.1002/biof.1954
CSIC-Wiley;Consejo Superior de Investigaciones Cientificas (CSIC);TRUE;2023;10.1002/bit.28344
CSIC-Wiley;Consejo Superior de Investigaciones Cientificas (CSIC);TRUE;2023;10.1002/cctc.202201632
CSIC-Wiley;Consejo Superior de Investigaciones Cientificas (CSIC);TRUE;2023;10.1002/cctc.202201681
CSIC-Wiley;Consejo Superior de Investigaciones Cientificas (CSIC);TRUE;2023;10.1002/chem.202300116
CSIC-Wiley;Consejo Superior de Investigaciones Cientificas (CSIC);TRUE;2023;10.1002/chem.202300614
CSIC-Wiley;Consejo Superior de Investigaciones Cientificas (CSIC);TRUE;2023;10.1002/chir.23539
CSIC-Wiley;Consejo Superior de Investigaciones Cientificas (CSIC);TRUE;2023;10.1002/cphc.202300272
CSIC-Wiley;Consejo Superior de Investigaciones Cientificas (CSIC);TRUE;2023;10.1002/cphc.202300291
CSIC-Wiley;Consejo Superior de Investigaciones Cientificas (CSIC);TRUE;2023;10.1002/cssc.202300200
CSIC-Wiley;Consejo Superior de Investigaciones Cientificas (CSIC);TRUE;2023;10.1002/ecm.1570
CSIC-Wiley;Consejo Superior de Investigaciones Cientificas (CSIC);TRUE;2023;10.1002/ecy.3995
CSIC-Wiley;Consejo Superior de Investigaciones Cientificas (CSIC);TRUE;2023;10.1002/eji.202250206
CSIC-Wiley;Consejo Superior de Investigaciones Cientificas (CSIC);TRUE;2023;10.1002/ghg.2210
CSIC-Wiley;Consejo Superior de Investigaciones Cientificas (CSIC);TRUE;2023;10.1002/jcc.27110
CSIC-Wiley;Consejo Superior de Investigaciones Cientificas (CSIC);TRUE;2023;10.1002/jsfa.12453
CSIC-Wiley;Consejo Superior de Investigaciones Cientificas (CSIC);TRUE;2023;10.1002/jsfa.12479
CSIC-Wiley;Consejo Superior de Investigaciones Cientificas (CSIC);TRUE;2023;10.1002/jsfa.12522
CSIC-Wiley;Consejo Superior de Investigaciones Cientificas (CSIC);TRUE;2023;10.1002/jsfa.12549
CSIC-Wiley;Consejo Superior de Investigaciones Cientificas (CSIC);TRUE;2023;10.1002/jsfa.12550
CSIC-Wiley;Consejo Superior de Investigaciones Cientificas (CSIC);TRUE;2023;10.1002/jsfa.12706
CSIC-Wiley;Consejo Superior de Investigaciones Cientificas (CSIC);TRUE;2023;10.1002/jssc.202300157
CSIC-Wiley;Consejo Superior de Investigaciones Cientificas (CSIC);TRUE;2023;10.1002/jwmg.22425
CSIC-Wiley;Consejo Superior de Investigaciones Cientificas (CSIC);TRUE;2023;10.1002/lno.12327
CSIC-Wiley;Consejo Superior de Investigaciones Cientificas (CSIC);TRUE;2023;10.1002/lpor.202300145
CSIC-Wiley;Consejo Superior de Investigaciones Cientificas (CSIC);TRUE;2023;10.1002/mas.21850
CSIC-Wiley;Consejo Superior de Investigaciones Cientificas (CSIC);TRUE;2023;10.1002/nsg.12247
CSIC-Wiley;Consejo Superior de Investigaciones Cientificas (CSIC);TRUE;2023;10.1002/prop.202300048
CSIC-Wiley;Consejo Superior de Investigaciones Cientificas (CSIC);TRUE;2023;10.1002/smll.202207799
CSIC-Wiley;Consejo Superior de Investigaciones Cientificas (CSIC);TRUE;2023;10.1002/smll.202207806
CSIC-Wiley;Consejo Superior de Investigaciones Cientificas (CSIC);TRUE;2023;10.1002/smll.202302355
CSIC-Wiley;Consejo Superior de Investigaciones Cientificas (CSIC);TRUE;2023;10.1002/smtd.202300326
CSIC-Wiley;Consejo Superior de Investigaciones Cientificas (CSIC);TRUE;2023;10.1002/spp2.1494
CSIC-Wiley;Consejo Superior de Investigaciones Cientificas (CSIC);TRUE;2023;10.1002/wcms.1663
CSIC-Wiley;Consejo Superior de Investigaciones Cientificas (CSIC);TRUE;2023;10.1002/wene.476
CSIC-Wiley;Consejo Superior de Investigaciones Cientificas (CSIC);TRUE;2023;10.1002/zaac.202300003
CSIC-Wiley;Consejo Superior de Investigaciones Cientificas (CSIC);TRUE;2023;10.1029/2022JC019597
CSIC-Wiley;Consejo Superior de Investigaciones Cientificas (CSIC);TRUE;2023;10.1029/2022JD037883
CSIC-Wiley;Consejo Superior de Investigaciones Cientificas (CSIC);TRUE;2023;10.1029/2022JE007672
CSIC-Wiley;Consejo Superior de Investigaciones Cientificas (CSIC);TRUE;2023;10.1029/2022RG000780
CSIC-Wiley;Consejo Superior de Investigaciones Cientificas (CSIC);TRUE;2023;10.1029/2022RG000798
CSIC-Wiley;Consejo Superior de Investigaciones Cientificas (CSIC);TRUE ;2023;10.1029/2022TC007602
CSIC-Wiley;Consejo Superior de Investigaciones Cientificas (CSIC);TRUE;2023;10.1029/2022TC007618
CSIC-Wiley;Consejo Superior de Investigaciones Cientificas (CSIC);TRUE;2023;10.1029/2022WR033613
CSIC-Wiley;Consejo Superior de Investigaciones Cientificas (CSIC);TRUE;2023;10.1107/S1600576723003771
CSIC-Wiley;Consejo Superior de Investigaciones Cientificas (CSIC);TRUE;2023;10.1111/1365-2435.14356
CSIC-Wiley;Consejo Superior de Investigaciones Cientificas (CSIC);TRUE;2023;10.1111/1365-2435.14378
CSIC-Wiley;Consejo Superior de Investigaciones Cientificas (CSIC);TRUE;2023;10.1111/1462-2920.16342
CSIC-Wiley;Consejo Superior de Investigaciones Cientificas (CSIC);TRUE;2023;10.1111/1462-2920.16367
CSIC-Wiley;Consejo Superior de Investigaciones Cientificas (CSIC);TRUE;2023;10.1111/1462-2920.16385
CSIC-Wiley;Consejo Superior de Investigaciones Cientificas (CSIC);TRUE;2023;10.1111/1462-2920.16388
CSIC-Wiley;Consejo Superior de Investigaciones Cientificas (CSIC);TRUE;2023;10.1111/1744-7917.13197
CSIC-Wiley;Consejo Superior de Investigaciones Cientificas (CSIC);TRUE;2023;10.1111/1746-692X.12381
CSIC-Wiley;Consejo Superior de Investigaciones Cientificas (CSIC);TRUE;2023;10.1111/1755-0998.13758
CSIC-Wiley;Consejo Superior de Investigaciones Cientificas (CSIC);TRUE;2023;10.1111/1755-0998.13771
CSIC-Wiley;Consejo Superior de Investigaciones Cientificas (CSIC);TRUE;2023;10.1111/1755-0998.13781
CSIC-Wiley;Consejo Superior de Investigaciones Cientificas (CSIC);TRUE;2023;10.1111/acv.12890
CSIC-Wiley;Consejo Superior de Investigaciones Cientificas (CSIC);TRUE;2023;10.1111/cobi.14131
CSIC-Wiley;Consejo Superior de Investigaciones Cientificas (CSIC);TRUE;2023;10.1111/ejn.15946
CSIC-Wiley;Consejo Superior de Investigaciones Cientificas (CSIC);TRUE;2023;10.1111/fwb.14051
CSIC-Wiley;Consejo Superior de Investigaciones Cientificas (CSIC);TRUE ;2023;10.1111/gcb.16816
CSIC-Wiley;Consejo Superior de Investigaciones Cientificas (CSIC);TRUE;2023;10.1111/geb.13673
CSIC-Wiley;Consejo Superior de Investigaciones Cientificas (CSIC);TRUE;2023;10.1111/geb.13686
CSIC-Wiley;Consejo Superior de Investigaciones Cientificas (CSIC);TRUE;2023;10.1111/ibi.13184
CSIC-Wiley;Consejo Superior de Investigaciones Cientificas (CSIC);TRUE;2023;10.1111/ibi.13189
CSIC-Wiley;Consejo Superior de Investigaciones Cientificas (CSIC);TRUE;2023;10.1111/ibi.13218
CSIC-Wiley;Consejo Superior de Investigaciones Cientificas (CSIC);TRUE;2023;10.1111/jace.19145
CSIC-Wiley;Consejo Superior de Investigaciones Cientificas (CSIC);TRUE;2023;10.1111/jbi.14581
CSIC-Wiley;Consejo Superior de Investigaciones Cientificas (CSIC);TRUE;2023;10.1111/jfb.15331
CSIC-Wiley;Consejo Superior de Investigaciones Cientificas (CSIC);TRUE;2023;10.1111/jpy.13336
CSIC-Wiley;Consejo Superior de Investigaciones Cientificas (CSIC);TRUE;2023;10.1111/jvs.13182
CSIC-Wiley;Consejo Superior de Investigaciones Cientificas (CSIC);TRUE;2023;10.1111/jvs.13185
CSIC-Wiley;Consejo Superior de Investigaciones Cientificas (CSIC);TRUE;2023;10.1111/jzo.13071
CSIC-Wiley;Consejo Superior de Investigaciones Cientificas (CSIC);TRUE;2023;10.1111/mec.16840
CSIC-Wiley;Consejo Superior de Investigaciones Cientificas (CSIC);TRUE;2023;10.1111/mec.16842
CSIC-Wiley;Consejo Superior de Investigaciones Cientificas (CSIC);TRUE;2023;10.1111/mec.16854
CSIC-Wiley;Consejo Superior de Investigaciones Cientificas (CSIC);TRUE;2023;10.1111/mec.16930
CSIC-Wiley;Consejo Superior de Investigaciones Cientificas (CSIC);TRUE;2023;10.1111/mec.16954
CSIC-Wiley;Consejo Superior de Investigaciones Cientificas (CSIC);TRUE;2023;10.1111/mec.16962
CSIC-Wiley;Consejo Superior de Investigaciones Cientificas (CSIC);TRUE;2023;10.1111/mec.16997
CSIC-Wiley;Consejo Superior de Investigaciones Cientificas (CSIC);TRUE;2023;10.1111/mmi.15069
CSIC-Wiley;Consejo Superior de Investigaciones Cientificas (CSIC);TRUE;2023;10.1111/nph.18891
CSIC-Wiley;Consejo Superior de Investigaciones Cientificas (CSIC);TRUE;2023;10.1111/nph.18910
CSIC-Wiley;Consejo Superior de Investigaciones Cientificas (CSIC);TRUE;2023;10.1111/nph.19022
CSIC-Wiley;Consejo Superior de Investigaciones Cientificas (CSIC);TRUE;2023;10.1111/nph.19047
CSIC-Wiley;Consejo Superior de Investigaciones Cientificas (CSIC);TRUE;2023;10.1111/oik.09520
CSIC-Wiley;Consejo Superior de Investigaciones Cientificas (CSIC);TRUE;2023;10.1111/pce.14647
CSIC-Wiley;Consejo Superior de Investigaciones Cientificas (CSIC);TRUE;2023;10.1111/pere.12490
CSIC-Wiley;Consejo Superior de Investigaciones Cientificas (CSIC);TRUE;2023;10.1111/plb.13530
CSIC-Wiley;Consejo Superior de Investigaciones Cientificas (CSIC);TRUE;2023;10.1111/sum.12882
CSIC-Wiley;Consejo Superior de Investigaciones Cientificas (CSIC);TRUE ;2023;10.1111/syen.12589
CSIC-Wiley;Consejo Superior de Investigaciones Cientificas (CSIC);TRUE;2023;10.1111/ter.12664
CSIC-Wiley;Consejo Superior de Investigaciones Cientificas (CSIC);TRUE;2023;10.15252/embr.202256131
CSIC-Wiley;Consejo Superior de Investigaciones Cientificas (CSIC);TRUE;2023;10.1111/ele.14192
CSIC-Wiley;Consejo Superior de Investigaciones Cientificas (CSIC);FALSE;2023;10.1029/2023gc010857
CSIC-Wiley;Consejo Superior de Investigaciones Cientificas (CSIC);FALSE;2023;10.1002/sae2.12040
CSIC-Wiley;Consejo Superior de Investigaciones Cientificas (CSIC);FALSE;2023;10.1111/1751-7915.14255
CSIC-Wiley;Consejo Superior de Investigaciones Cientificas (CSIC);FALSE;2023;10.1111/1751-7915.14252
CSIC-Wiley;Consejo Superior de Investigaciones Cientificas (CSIC);FALSE;2023;10.1111/jcmm.17768
CSIC-Wiley;Consejo Superior de Investigaciones Cientificas (CSIC);FALSE;2023;10.1111/1751-7915.14270
CSIC-Wiley;Consejo Superior de Investigaciones Cientificas (CSIC);FALSE;2023;10.1002/ece3.10198
CSIC-Wiley;Consejo Superior de Investigaciones Cientificas (CSIC);FALSE;2023;10.1002/aelm.202300044
CSIC-Wiley;Consejo Superior de Investigaciones Cientificas (CSIC);FALSE;2023;10.1111/1751-7915.14296
CSIC-Wiley;Consejo Superior de Investigaciones Cientificas (CSIC);FALSE;2023;10.1002/aesr.202300059
CSIC-Wiley;Consejo Superior de Investigaciones Cientificas (CSIC);FALSE;2023;10.1029/2023gl103323
CSIC-Wiley;Consejo Superior de Investigaciones Cientificas (CSIC);FALSE;2023;10.1002/ecs2.4604
CSIC-Wiley;Consejo Superior de Investigaciones Cientificas (CSIC);TRUE;2023;10.1111/nph.19109
CSIC-Wiley;Consejo Superior de Investigaciones Cientificas (CSIC);TRUE;2023;10.1111/ibi.13252
CSIC-Wiley;Consejo Superior de Investigaciones Cientificas (CSIC);TRUE;2023;10.1002/path.6170
CSIC-Wiley;Consejo Superior de Investigaciones Cientificas (CSIC);TRUE;2023;10.1002/cphc.202300214
CSIC-Wiley;Consejo Superior de Investigaciones Cientificas (CSIC);TRUE;2023;10.1111/jen.13160
CSIC-Wiley;Consejo Superior de Investigaciones Cientificas (CSIC);TRUE;2023;10.1111/fwb.14146
CSIC-Wiley;Consejo Superior de Investigaciones Cientificas (CSIC);TRUE;2023;10.1002/ecy.4128
CSIC-Wiley;Consejo Superior de Investigaciones Cientificas (CSIC);TRUE;2023;10.1111/jen.13156
CSIC-Wiley;Consejo Superior de Investigaciones Cientificas (CSIC);TRUE;2023;10.1002/aqc.3984
CSIC-Wiley;Consejo Superior de Investigaciones Cientificas (CSIC);TRUE;2023;10.1002/adma.202302987
CSIC-Wiley;Consejo Superior de Investigaciones Cientificas (CSIC);TRUE;2023;10.1002/alz.13375
CSIC-Wiley;Consejo Superior de Investigaciones Cientificas (CSIC);TRUE;2023;10.1111/plb.13553
CSIC-Wiley;Consejo Superior de Investigaciones Cientificas (CSIC);TRUE;2023;10.1029/2022jd038283
CSIC-Wiley;Consejo Superior de Investigaciones Cientificas (CSIC);TRUE;2023;10.1111/jen.13157
CSIC-Wiley;Consejo Superior de Investigaciones Cientificas (CSIC);TRUE ;2023;10.1107/s2059798323004497
CSIC-Wiley;Consejo Superior de Investigaciones Cientificas (CSIC);TRUE ;2023;10.1002/adem.202300344
CSIC-Wiley;Consejo Superior de Investigaciones Cientificas (CSIC);TRUE;2023;10.1002/smtd.202201725
CSIC-Wiley;Consejo Superior de Investigaciones Cientificas (CSIC);TRUE;2023;10.1002/cite.202300008
CSIC-Wiley;Consejo Superior de Investigaciones Cientificas (CSIC);TRUE;2023;10.1002/cplu.202300231
CSIC-Wiley;Consejo Superior de Investigaciones Cientificas (CSIC);FALSE;2023;10.1111/jcmm.17831
CSIC-Wiley;Consejo Superior de Investigaciones Cientificas (CSIC);TRUE;2023;10.1002/adbi.202300118
CSIC-Wiley;Consejo Superior de Investigaciones Cientificas (CSIC);TRUE;2023;10.1002/adfm.202307369
CSIC-Wiley;Consejo Superior de Investigaciones Cientificas (CSIC);TRUE;2023;10.1002/anie.202306981
CSIC-Wiley;Consejo Superior de Investigaciones Cientificas (CSIC);TRUE;2023;10.1002/pri.2038
CSIC-Wiley;Consejo Superior de Investigaciones Cientificas (CSIC);TRUE;2023;10.1002/anie.202306315
CSIC-Wiley;Consejo Superior de Investigaciones Cientificas (CSIC);TRUE;2023;10.1111/jeb.14200
CSIC-Wiley;Consejo Superior de Investigaciones Cientificas (CSIC);TRUE;2023;10.1002/jbt.23455
CSIC-Wiley;Consejo Superior de Investigaciones Cientificas (CSIC);TRUE;2023;10.1029/2022tc007715
CSIC-Wiley;Consejo Superior de Investigaciones Cientificas (CSIC);TRUE;2023;10.1111/ppl.13971
CSIC-Wiley;Consejo Superior de Investigaciones Cientificas (CSIC);TRUE;2023;10.1002/chem.202301438
CSIC-Wiley;Consejo Superior de Investigaciones Cientificas (CSIC);TRUE;2023;10.1002/suco.202201138
CSIC-Wiley;Consejo Superior de Investigaciones Cientificas (CSIC);TRUE ;2023;10.1111/gwao.13039
CSIC-Wiley;Consejo Superior de Investigaciones Cientificas (CSIC);TRUE;2023;10.1111/jace.19305
CSIC-Wiley;Consejo Superior de Investigaciones Cientificas (CSIC);TRUE;2023;10.1111/fwb.14152
CSIC-Wiley;Consejo Superior de Investigaciones Cientificas (CSIC);TRUE;2023;10.1111/jbi.14693
CSIC-Wiley;Consejo Superior de Investigaciones Cientificas (CSIC);TRUE;2023;10.1029/2023jd038570
CSIC-Wiley;Consejo Superior de Investigaciones Cientificas (CSIC);TRUE;2023;10.1002/cctc.202300701
CSIC-Wiley;Consejo Superior de Investigaciones Cientificas (CSIC);TRUE;2023;10.1002/cphc.202300317
CSIC-Wiley;Consejo Superior de Investigaciones Cientificas (CSIC);TRUE;2023;10.1111/imb.12866
CSIC-Wiley;Consejo Superior de Investigaciones Cientificas (CSIC);TRUE;2023;10.1002/hlca.202300090
CSIC-Wiley;Consejo Superior de Investigaciones Cientificas (CSIC);TRUE;2023;10.1111/icad.12671
CSIC-Wiley;Consejo Superior de Investigaciones Cientificas (CSIC);TRUE;2023;10.1029/2022tc007624
CSIC-Wiley;Consejo Superior de Investigaciones Cientificas (CSIC);TRUE;2023;10.1002/pro.4734
CSIC-Wiley;Consejo Superior de Investigaciones Cientificas (CSIC);TRUE;2023;10.1002/cphc.202300450
CSIC-Wiley;Consejo Superior de Investigaciones Cientificas (CSIC);FALSE;2023;10.1155/2023/3324790
CSIC-Wiley;Consejo Superior de Investigaciones Cientificas (CSIC);TRUE;2023;10.1002/lob.10595
CSIC-Wiley;Consejo Superior de Investigaciones Cientificas (CSIC);FALSE;2023;10.1111/ddi.13757
CSIC-Wiley;Consejo Superior de Investigaciones Cientificas (CSIC);FALSE;2023;10.1002/ece3.10371
CSIC-Wiley;Consejo Superior de Investigaciones Cientificas (CSIC);TRUE;2023;10.15252/embj.2022113378
CSIC-Wiley;Consejo Superior de Investigaciones Cientificas (CSIC);TRUE;2023;10.1111/1750-3841.16737
CSIC-Wiley;Consejo Superior de Investigaciones Cientificas (CSIC);TRUE;2023;10.1111/geb.13744
CSIC-Wiley;Consejo Superior de Investigaciones Cientificas (CSIC);TRUE;2023;10.1111/oik.10002
CSIC-Wiley;Consejo Superior de Investigaciones Cientificas (CSIC);TRUE;2023;10.1002/smll.202305026
CSIC-Wiley;Consejo Superior de Investigaciones Cientificas (CSIC);TRUE ;2023;10.1002/chem.202301945
CSIC-Wiley;Consejo Superior de Investigaciones Cientificas (CSIC);TRUE;2023;10.1111/pce.14685
CSIC-Wiley;Consejo Superior de Investigaciones Cientificas (CSIC);TRUE;2023;10.1002/adfm.202305907
CSIC-Wiley;Consejo Superior de Investigaciones Cientificas (CSIC);TRUE;2023;10.1111/all.15847
CSIC-Wiley;Consejo Superior de Investigaciones Cientificas (CSIC);TRUE;2023;10.1111/ijag.16641
CSIC-Wiley;Consejo Superior de Investigaciones Cientificas (CSIC);TRUE;2023;10.1002/smll.202302136
CSIC-Wiley;Consejo Superior de Investigaciones Cientificas (CSIC);TRUE;2023;10.1111/pce.14679
CSIC-Wiley;Consejo Superior de Investigaciones Cientificas (CSIC);TRUE;2023;10.1002/jimd.12667
CSIC-Wiley;Consejo Superior de Investigaciones Cientificas (CSIC);TRUE;2023;10.1111/1541-4337.13229
CSIC-Wiley;Consejo Superior de Investigaciones Cientificas (CSIC);TRUE;2023;10.1002/jsfa.12903
CSIC-Wiley;Consejo Superior de Investigaciones Cientificas (CSIC);TRUE;2023;10.1002/cssc.202300719
CSIC-Wiley;Consejo Superior de Investigaciones Cientificas (CSIC);TRUE;2023;10.1002/chem.202301428
CSIC-Wiley;Consejo Superior de Investigaciones Cientificas (CSIC);TRUE;2023;10.1002/art.42673
CSIC-Wiley;Consejo Superior de Investigaciones Cientificas (CSIC);TRUE;2023;10.1029/2022wr033858
CSIC-Wiley;Consejo Superior de Investigaciones Cientificas (CSIC);TRUE;2023;10.1111/jace.19389
CSIC-Wiley;Consejo Superior de Investigaciones Cientificas (CSIC);TRUE;2023;10.1111/cuag.12310
CSIC-Wiley;Consejo Superior de Investigaciones Cientificas (CSIC);TRUE;2023;10.1029/2022pa004588
CSIC-Wiley;Consejo Superior de Investigaciones Cientificas (CSIC);TRUE;2023;10.1002/joc.8226
CSIC-Wiley;Consejo Superior de Investigaciones Cientificas (CSIC);TRUE;2023;10.1002/aqc.4015
CSIC-Wiley;Consejo Superior de Investigaciones Cientificas (CSIC);TRUE;2023;10.1111/jbi.14712
CSIC-Wiley;Consejo Superior de Investigaciones Cientificas (CSIC);TRUE;2023;10.1002/jsfa.12937
CSIC-Wiley;Consejo Superior de Investigaciones Cientificas (CSIC);FALSE;2023;10.1002/ece3.10485
CSIC-Wiley;Consejo Superior de Investigaciones Cientificas (CSIC);FALSE;2023;10.1029/2023gc010894
CSIC-Wiley;Consejo Superior de Investigaciones Cientificas (CSIC);FALSE;2023;10.1002/ecs2.4658
CSIC-Wiley;Consejo Superior de Investigaciones Cientificas (CSIC);TRUE;2023;10.1111/fwb.14176
CSIC-Wiley;Consejo Superior de Investigaciones Cientificas (CSIC);TRUE;2023;10.1029/2023jc019865
CSIC-Wiley;Consejo Superior de Investigaciones Cientificas (CSIC);TRUE;2023;10.1002/anie.202310354
CSIC-Wiley;Consejo Superior de Investigaciones Cientificas (CSIC);TRUE;2023;10.1002/cssc.202300818
CSIC-Wiley;Consejo Superior de Investigaciones Cientificas (CSIC);TRUE;2023;10.1002/cphc.202300424
CSIC-Wiley;Consejo Superior de Investigaciones Cientificas (CSIC);TRUE;2023;10.1111/jse.13018
CSIC-Wiley;Consejo Superior de Investigaciones Cientificas (CSIC);TRUE;2023;10.1111/jcms.13551
CSIC-Wiley;Consejo Superior de Investigaciones Cientificas (CSIC);TRUE;2023;10.1002/cphc.202300387
CSIC-Wiley;Consejo Superior de Investigaciones Cientificas (CSIC);TRUE;2023;10.1111/soc4.13152
CSIC-Wiley;Consejo Superior de Investigaciones Cientificas (CSIC);TRUE;2023;10.1002/chem.202302448
CSIC-Wiley;Consejo Superior de Investigaciones Cientificas (CSIC);TRUE;2023;10.1029/2023wr035084
CSIC-Wiley;Consejo Superior de Investigaciones Cientificas (CSIC);TRUE;2023;10.1002/adom.202301565
CSIC-Wiley;Consejo Superior de Investigaciones Cientificas (CSIC);TRUE;2023;10.1111/1365-2656.14007
CSIC-Wiley;Consejo Superior de Investigaciones Cientificas (CSIC);TRUE;2023;10.1111/plb.13581
CSIC-Wiley;Consejo Superior de Investigaciones Cientificas (CSIC);TRUE;2023;10.1111/jbi.14715
CSIC-Wiley;Consejo Superior de Investigaciones Cientificas (CSIC);TRUE;2023;10.1111/jeb.14229
CSIC-Wiley;Consejo Superior de Investigaciones Cientificas (CSIC);TRUE;2023;10.1111/oik.10353
CSIC-Wiley;Consejo Superior de Investigaciones Cientificas (CSIC);TRUE;2023;10.1002/aenm.202301959
CSIC-Wiley;Consejo Superior de Investigaciones Cientificas (CSIC);TRUE;2023;10.1002/1873-3468.14738
CSIC-Wiley;Consejo Superior de Investigaciones Cientificas (CSIC);TRUE;2023;10.1002/smll.202304884
CSIC-Wiley;Consejo Superior de Investigaciones Cientificas (CSIC);TRUE;2023;10.1002/cphc.202300570
CSIC-Wiley;Consejo Superior de Investigaciones Cientificas (CSIC);TRUE;2023;10.1111/nyas.15071
CSIC-Wiley;Consejo Superior de Investigaciones Cientificas (CSIC);TRUE;2023;10.1002/btpr.3394
CSIC-Wiley;Consejo Superior de Investigaciones Cientificas (CSIC);TRUE;2023;10.1113/jp284416
CSIC-Wiley;Consejo Superior de Investigaciones Cientificas (CSIC);FALSE;2023;10.1002/celc.202300161
CSIC-Wiley;Consejo Superior de Investigaciones Cientificas (CSIC);TRUE;2023;10.1111/1750-3841.16802
CSIC-Wiley;Consejo Superior de Investigaciones Cientificas (CSIC);TRUE;2023;10.1111/cobi.14196
CSIC-Wiley;Consejo Superior de Investigaciones Cientificas (CSIC);TRUE;2023;10.1111/rda.14488
CSIC-Wiley;Consejo Superior de Investigaciones Cientificas (CSIC);TRUE;2023;10.1111/mec.17167
CSIC-Wiley;Consejo Superior de Investigaciones Cientificas (CSIC);TRUE;2023;10.1002/adfm.202309019
CSIC-Wiley;Consejo Superior de Investigaciones Cientificas (CSIC);TRUE;2023;10.1111/ejn.16174
CSIC-Wiley;Consejo Superior de Investigaciones Cientificas (CSIC);TRUE;2023;10.1111/tesg.12596
CSIC-Wiley;Consejo Superior de Investigaciones Cientificas (CSIC);TRUE;2023;10.1111/myc.13661
CSIC-Wiley;Consejo Superior de Investigaciones Cientificas (CSIC);TRUE;2023;10.1002/lno.12445
CSIC-Wiley;Consejo Superior de Investigaciones Cientificas (CSIC);TRUE;2023;10.1002/chem.202302793
CSIC-Wiley;Consejo Superior de Investigaciones Cientificas (CSIC);TRUE;2023;10.1111/mmi.15182
CSIC-Wiley;Consejo Superior de Investigaciones Cientificas (CSIC);TRUE;2023;10.1002/smll.202306167
CSIC-Wiley;Consejo Superior de Investigaciones Cientificas (CSIC);TRUE;2023;10.1002/bies.202300152
CSIC-Wiley;Consejo Superior de Investigaciones Cientificas (CSIC);TRUE;2023;10.1002/asi.24839
CSIC-Wiley;Consejo Superior de Investigaciones Cientificas (CSIC);TRUE ;2023;10.1002/ps.7839
CSIC-Wiley;Consejo Superior de Investigaciones Cientificas (CSIC);TRUE;2023;10.1002/adom.202301710
CSIC-Wiley;Consejo Superior de Investigaciones Cientificas (CSIC);TRUE;2023;10.1029/2023jd038891
CSIC-Wiley;Consejo Superior de Investigaciones Cientificas (CSIC);TRUE;2023;10.1111/tpj.16516
CSIC-Wiley;Consejo Superior de Investigaciones Cientificas (CSIC);TRUE;2023;10.1002/adma.202306447
CSIC-Wiley;Consejo Superior de Investigaciones Cientificas (CSIC);TRUE;2023;10.1111/ejss.13427
CSIC-Wiley;Consejo Superior de Investigaciones Cientificas (CSIC);TRUE;2023;10.1029/2023tc007971
CSIC-Wiley;Consejo Superior de Investigaciones Cientificas (CSIC);TRUE;2023;10.15252/embr.202357238
CSIC-Wiley;Consejo Superior de Investigaciones Cientificas (CSIC);TRUE;2023;10.1111/mec.17189
CSIC-Wiley;Consejo Superior de Investigaciones Cientificas (CSIC);FALSE;2023;10.1029/2023sw003474
CSIC-Wiley;Consejo Superior de Investigaciones Cientificas (CSIC);TRUE;2023;10.1111/fog.12661
CSIC-Wiley;Consejo Superior de Investigaciones Cientificas (CSIC);TRUE;2023;10.1002/adfm.202312166
CSIC-Wiley;Consejo Superior de Investigaciones Cientificas (CSIC);TRUE;2023;10.1002/chem.202302484
CSIC-Wiley;Consejo Superior de Investigaciones Cientificas (CSIC);TRUE;2023;10.1111/ijfs.16689
CSIC-Wiley;Consejo Superior de Investigaciones Cientificas (CSIC);TRUE;2023;10.1002/elps.202300126
CSIC-Wiley;Consejo Superior de Investigaciones Cientificas (CSIC);TRUE ;2023;10.1111/zph.13076
CSIC-Wiley;Consejo Superior de Investigaciones Cientificas (CSIC);TRUE;2023;10.1002/ajpa.24876
CSIC-Wiley;Consejo Superior de Investigaciones Cientificas (CSIC);TRUE;2023;10.1111/acv.12927
CSIC-Wiley;Consejo Superior de Investigaciones Cientificas (CSIC);TRUE;2023;10.1002/tax.13123
CSIC-Wiley;Consejo Superior de Investigaciones Cientificas (CSIC);TRUE;2023;10.1002/batt.202300508
CSIC-Wiley;Consejo Superior de Investigaciones Cientificas (CSIC);TRUE;2023;10.1002/etc.5816
CSIC-Wiley;Consejo Superior de Investigaciones Cientificas (CSIC);TRUE;2023;10.1111/mec.17206
CSIC-Wiley;Consejo Superior de Investigaciones Cientificas (CSIC);TRUE;2023;10.1002/adsc.202301310
CSIC-Wiley;Consejo Superior de Investigaciones Cientificas (CSIC);TRUE;2023;10.1111/een.13305
CSIC-Wiley;Consejo Superior de Investigaciones Cientificas (CSIC);TRUE;2023;10.1111/rda.14505
CSIC-Wiley;Consejo Superior de Investigaciones Cientificas (CSIC);TRUE;2023;10.1002/lno.12470
CSIC-Wiley;Consejo Superior de Investigaciones Cientificas (CSIC);TRUE;2023;10.1111/1365-2435.14493
CSIC-Wiley;Consejo Superior de Investigaciones Cientificas (CSIC);TRUE;2023;10.1111/1749-4877.12802
CSIC-Wiley;Consejo Superior de Investigaciones Cientificas (CSIC);TRUE;2023;10.1002/adom.202302130
CSIC-Wiley;Consejo Superior de Investigaciones Cientificas (CSIC);TRUE;2023;10.1111/sed.13172
CSIC-Wiley;Consejo Superior de Investigaciones Cientificas (CSIC);TRUE;2023;10.1002/adsc.202301040
CSIC-Wiley;Consejo Superior de Investigaciones Cientificas (CSIC);TRUE;2023;10.1002/path.6243
CSIC-Wiley;Consejo Superior de Investigaciones Cientificas (CSIC);TRUE;2023;10.1002/esp.5766
CSIC-Wiley;Consejo Superior de Investigaciones Cientificas (CSIC);TRUE;2023;10.1002/ajpa.24844
CSIC-Wiley;Consejo Superior de Investigaciones Cientificas (CSIC);TRUE;2023;10.1111/aab.12884
CSIC-Wiley;Consejo Superior de Investigaciones Cientificas (CSIC);TRUE;2023;10.1111/1462-2920.16548
CSIC-Wiley;Consejo Superior de Investigaciones Cientificas (CSIC);TRUE;2023;10.1111/acv.12923
CSIC-Wiley;Consejo Superior de Investigaciones Cientificas (CSIC);TRUE;2023;10.1111/ppl.14143
CSIC-Wiley;Consejo Superior de Investigaciones Cientificas (CSIC);TRUE;2023;10.1111/jzo.13142
CSIC-Wiley;Consejo Superior de Investigaciones Cientificas (CSIC);TRUE;2023;10.1111/ele.14309
CSIC-Wiley;Consejo Superior de Investigaciones Cientificas (CSIC);TRUE;2023;10.1002/jqs.3580
CSIC-Wiley;Consejo Superior de Investigaciones Cientificas (CSIC);TRUE;2023;10.1111/1365-2745.14227
CSIC-Wiley;Consejo Superior de Investigaciones Cientificas (CSIC);TRUE;2023;10.1002/cctc.202300748
CSIC-Wiley;Consejo Superior de Investigaciones Cientificas (CSIC);TRUE;2023;10.1002/chem.202303585
CSIC-Wiley;Consejo Superior de Investigaciones Cientificas (CSIC);TRUE;2023;10.1002/asi.24856
CSIC-Wiley;Consejo Superior de Investigaciones Cientificas (CSIC);TRUE;2023;10.1002/fee.2625
CSIC-Wiley;Consejo Superior de Investigaciones Cientificas (CSIC);TRUE;2023;10.1111/1462-2920.16326
CSIC-Wiley;Consejo Superior de Investigaciones Cientificas (CSIC);TRUE;2023;10.1002/jrs.6582
CSIC-Wiley;Consejo Superior de Investigaciones Cientificas (CSIC);TRUE;2023;10.1111/1365-2435.14486
CSIC-Wiley;Consejo Superior de Investigaciones Cientificas (CSIC);TRUE;2023;10.1111/1365-2656.14032
CSIC-Wiley;Consejo Superior de Investigaciones Cientificas (CSIC);TRUE;2023;10.1111/1365-2745.14242
CSIC-Wiley;Consejo Superior de Investigaciones Cientificas (CSIC);TRUE;2023;10.1111/gcb.17059
CSIC-Wiley;Consejo Superior de Investigaciones Cientificas (CSIC);TRUE;2023;10.1111/1755-0998.13909
CSIC-Wiley;Consejo Superior de Investigaciones Cientificas (CSIC);TRUE;2023;10.1002/pssa.202300721
CSIC-Wiley;Consejo Superior de Investigaciones Cientificas (CSIC);TRUE;2023;10.1029/2023je007835
CSIC-Wiley;Consejo Superior de Investigaciones Cientificas (CSIC);TRUE;2023;10.1029/2022je007276
CSIC-Wiley;Consejo Superior de Investigaciones Cientificas (CSIC);TRUE;2023;10.1111/apt.17434
CSIC-Wiley;Consejo Superior de Investigaciones Cientificas (CSIC);TRUE;2023;10.1002/lno.12465
CSIC-Wiley;Consejo Superior de Investigaciones Cientificas (CSIC);TRUE;2023;10.1107/s2059798323010082
CSIC-Wiley;Consejo Superior de Investigaciones Cientificas (CSIC);TRUE;2023;10.1002/smtd.202301060
CSIC-Wiley;Consejo Superior de Investigaciones Cientificas (CSIC);TRUE;2023;10.1002/ps.7406
CSIC-Wiley;Consejo Superior de Investigaciones Cientificas (CSIC);TRUE;2023;10.1113/jp284415
CSIC-Wiley;Consejo Superior de Investigaciones Cientificas (CSIC);TRUE;2023;10.1002/anie.202212483
CSIC-Wiley;Consejo Superior de Investigaciones Cientificas (CSIC);TRUE;2023;10.1002/adom.202302737
CSIC-Wiley;Consejo Superior de Investigaciones Cientificas (CSIC);TRUE;2023;10.1111/nph.19158
CSIC-Wiley;Consejo Superior de Investigaciones Cientificas (CSIC);TRUE;2023;10.1002/cssc.202301224
CSIC-Wiley;Consejo Superior de Investigaciones Cientificas (CSIC);TRUE;2023;10.1111/1365-2656.14039
CSIC-Wiley;Consejo Superior de Investigaciones Cientificas (CSIC);TRUE;2023;10.1111/pcn.13624
CSIC-Wiley;Consejo Superior de Investigaciones Cientificas (CSIC);TRUE;2023;10.1002/glia.24501
CSIC-Wiley;Consejo Superior de Investigaciones Cientificas (CSIC);TRUE;2023;10.1029/2022jc019025
CSIC-Wiley;Consejo Superior de Investigaciones Cientificas (CSIC);TRUE;2023;10.1002/smll.202308857
CSIC-Wiley;Consejo Superior de Investigaciones Cientificas (CSIC);TRUE;2023;10.1111/btp.13220
CSIC-Wiley;Consejo Superior de Investigaciones Cientificas (CSIC);TRUE;2023;10.1002/asmb.2820
CSIC-Wiley;Consejo Superior de Investigaciones Cientificas (CSIC);TRUE;2023;10.1002/chem.202300461
CSIC-Wiley;Consejo Superior de Investigaciones Cientificas (CSIC);TRUE;2023;10.1111/jpg.12850
CSIC-Wiley;Consejo Superior de Investigaciones Cientificas (CSIC);TRUE;2023;10.1111/acv.12922
CSIC-Wiley;Consejo Superior de Investigaciones Cientificas (CSIC);TRUE;2023;10.1002/adsu.202300418
CSIC-Wiley;Consejo Superior de Investigaciones Cientificas (CSIC);TRUE;2023;10.1002/ejic.202300111
CSIC-Wiley;Consejo Superior de Investigaciones Cientificas (CSIC);FALSE;2023;10.1002/ece3.10674
CSIC-Wiley;Consejo Superior de Investigaciones Cientificas (CSIC);TRUE;2023;10.1002/mnfr.202300474
CSIC-Wiley;Consejo Superior de Investigaciones Cientificas (CSIC);TRUE;2023;10.1111/imcb.12718
CSIC-Wiley;Consejo Superior de Investigaciones Cientificas (CSIC);TRUE;2023;10.1111/1365-2745.14229
CSIC-Wiley;Consejo Superior de Investigaciones Cientificas (CSIC);TRUE;2023;10.1111/tpj.16613
CSIC-Wiley;Consejo Superior de Investigaciones Cientificas (CSIC);TRUE;2023;10.1111/ppl.14147
CSIC-Wiley;Consejo Superior de Investigaciones Cientificas (CSIC);TRUE;2023;10.1002/smll.202309555
