agreement;institution;is_hybrid;doi;period
CSIC-Elsevier;Consejo Superior de Investigaciones Cientificas (CSIC);FALSE;http://dx.doi.org/10.1016/j.lwt.2022.113183;2022
CSIC-Elsevier;Consejo Superior de Investigaciones Cientificas (CSIC);FALSE;http://dx.doi.org/10.1016/j.lwt.2022.113237;2022
CSIC-Elsevier;Consejo Superior de Investigaciones Cientificas (CSIC);FALSE;http://dx.doi.org/10.1016/j.lwt.2022.113350;2022
CSIC-Elsevier;Consejo Superior de Investigaciones Cientificas (CSIC);FALSE;http://dx.doi.org/10.1016/j.lwt.2022.113526;2022
CSIC-Elsevier;Consejo Superior de Investigaciones Cientificas (CSIC);FALSE;http://dx.doi.org/10.1016/j.lwt.2022.113510;2022
CSIC-Elsevier;Consejo Superior de Investigaciones Cientificas (CSIC);FALSE;http://dx.doi.org/10.1016/j.ygeno.2022.110386;2022
CSIC-Elsevier;Consejo Superior de Investigaciones Cientificas (CSIC);FALSE;http://dx.doi.org/10.1016/j.eti.2022.102707;2022
CSIC-Elsevier;Consejo Superior de Investigaciones Cientificas (CSIC);FALSE;http://dx.doi.org/10.1016/j.lwt.2022.113622;2022
CSIC-Elsevier;Consejo Superior de Investigaciones Cientificas (CSIC);FALSE;http://dx.doi.org/10.1016/j.lwt.2022.113628;2022
CSIC-Elsevier;Consejo Superior de Investigaciones Cientificas (CSIC);FALSE;http://dx.doi.org/10.1016/j.lwt.2022.113708;2022
CSIC-Elsevier;Consejo Superior de Investigaciones Cientificas (CSIC);FALSE;http://dx.doi.org/10.1016/j.lwt.2022.113785;2022
CSIC-Elsevier;Consejo Superior de Investigaciones Cientificas (CSIC);FALSE;http://dx.doi.org/10.1016/j.lwt.2022.113774;2022
CSIC-Elsevier;Consejo Superior de Investigaciones Cientificas (CSIC);FALSE;http://dx.doi.org/10.1016/j.lwt.2022.113787;2022
CSIC-Elsevier;Consejo Superior de Investigaciones Cientificas (CSIC);FALSE;http://dx.doi.org/10.1016/j.lwt.2022.113899;2022
CSIC-Elsevier;Consejo Superior de Investigaciones Cientificas (CSIC);FALSE;http://dx.doi.org/10.1016/j.eti.2022.102911;2022
CSIC-Elsevier;Consejo Superior de Investigaciones Cientificas (CSIC);FALSE;http://dx.doi.org/10.1016/j.lwt.2022.114017;2022
CSIC-Elsevier;Consejo Superior de Investigaciones Cientificas (CSIC);FALSE;http://dx.doi.org/10.1016/j.lwt.2022.114177;2022
CSIC-Elsevier;Consejo Superior de Investigaciones Cientificas (CSIC);FALSE;http://dx.doi.org/10.1016/j.lwt.2022.114182;2022
CSIC-Elsevier;Consejo Superior de Investigaciones Cientificas (CSIC);FALSE;http://dx.doi.org/10.1016/j.lwt.2022.114160;2022
CSIC-Elsevier;Consejo Superior de Investigaciones Cientificas (CSIC);FALSE;http://dx.doi.org/10.1016/j.lwt.2022.114203;2022
CSIC-Elsevier;Consejo Superior de Investigaciones Cientificas (CSIC);FALSE;http://dx.doi.org/10.1016/j.lwt.2022.114305;2022
CSIC-Elsevier;Consejo Superior de Investigaciones Cientificas (CSIC);FALSE;http://dx.doi.org/10.1016/j.baae.2022.11.008;2022
CSIC-Elsevier;Consejo Superior de Investigaciones Cientificas (CSIC);FALSE;http://dx.doi.org/10.1016/j.lwt.2022.114365;2022
CSIC-Elsevier;Consejo Superior de Investigaciones Cientificas (CSIC);FALSE;http://dx.doi.org/10.1016/j.lwt.2022.114381;2022
CSIC-Elsevier;Consejo Superior de Investigaciones Cientificas (CSIC);TRUE;http://dx.doi.org/10.1016/j.agee.2022.107856;2022
CSIC-Elsevier;Consejo Superior de Investigaciones Cientificas (CSIC);TRUE;http://dx.doi.org/10.1016/j.polymer.2022.124515;2022
CSIC-Elsevier;Consejo Superior de Investigaciones Cientificas (CSIC);TRUE;http://dx.doi.org/10.1016/j.biomaterials.2022.121365;2022
CSIC-Elsevier;Consejo Superior de Investigaciones Cientificas (CSIC);TRUE;http://dx.doi.org/10.1016/j.earscirev.2022.103921;2022
CSIC-Elsevier;Consejo Superior de Investigaciones Cientificas (CSIC);TRUE;http://dx.doi.org/10.1016/j.matlet.2022.131695;2022
CSIC-Elsevier;Consejo Superior de Investigaciones Cientificas (CSIC);TRUE;http://dx.doi.org/10.1016/j.marenvres.2022.105558;2022
CSIC-Elsevier;Consejo Superior de Investigaciones Cientificas (CSIC);TRUE;http://dx.doi.org/10.1016/j.jallcom.2022.163768;2022
CSIC-Elsevier;Consejo Superior de Investigaciones Cientificas (CSIC);TRUE;http://dx.doi.org/10.1016/j.erss.2022.102501;2022
CSIC-Elsevier;Consejo Superior de Investigaciones Cientificas (CSIC);TRUE;http://dx.doi.org/10.1016/j.envsoft.2022.105309;2022
CSIC-Elsevier;Consejo Superior de Investigaciones Cientificas (CSIC);TRUE;http://dx.doi.org/10.1016/j.scitotenv.2022.153041;2022
CSIC-Elsevier;Consejo Superior de Investigaciones Cientificas (CSIC);TRUE;http://dx.doi.org/10.1016/j.agrformet.2022.108811;2022
CSIC-Elsevier;Consejo Superior de Investigaciones Cientificas (CSIC);TRUE;http://dx.doi.org/10.1016/j.ceramint.2022.01.063;2022
CSIC-Elsevier;Consejo Superior de Investigaciones Cientificas (CSIC);TRUE;http://dx.doi.org/10.1016/j.anifeedsci.2022.115222;2022
CSIC-Elsevier;Consejo Superior de Investigaciones Cientificas (CSIC);TRUE;http://dx.doi.org/10.1016/j.fm.2022.103981;2022
CSIC-Elsevier;Consejo Superior de Investigaciones Cientificas (CSIC);TRUE;http://dx.doi.org/10.1016/j.jcz.2022.01.003;2022
CSIC-Elsevier;Consejo Superior de Investigaciones Cientificas (CSIC);TRUE;http://dx.doi.org/10.1016/j.pbi.2022.102190;2022
CSIC-Elsevier;Consejo Superior de Investigaciones Cientificas (CSIC);TRUE;http://dx.doi.org/10.1016/j.foodqual.2022.104536;2022
CSIC-Elsevier;Consejo Superior de Investigaciones Cientificas (CSIC);TRUE;http://dx.doi.org/10.1016/j.envres.2022.112783;2022
CSIC-Elsevier;Consejo Superior de Investigaciones Cientificas (CSIC);TRUE;http://dx.doi.org/10.1016/j.ultras.2022.106693;2022
CSIC-Elsevier;Consejo Superior de Investigaciones Cientificas (CSIC);TRUE;http://dx.doi.org/10.1016/j.jnc.2022.126145;2022
CSIC-Elsevier;Consejo Superior de Investigaciones Cientificas (CSIC);TRUE;http://dx.doi.org/10.1016/j.ijfoodmicro.2022.109554;2022
CSIC-Elsevier;Consejo Superior de Investigaciones Cientificas (CSIC);TRUE;http://dx.doi.org/10.1016/j.jaerosci.2022.105958;2022
CSIC-Elsevier;Consejo Superior de Investigaciones Cientificas (CSIC);TRUE;http://dx.doi.org/10.1016/j.jallcom.2022.163976;2022
CSIC-Elsevier;Consejo Superior de Investigaciones Cientificas (CSIC);TRUE;http://dx.doi.org/10.1016/j.scitotenv.2022.153433;2022
CSIC-Elsevier;Consejo Superior de Investigaciones Cientificas (CSIC);TRUE;http://dx.doi.org/10.1016/j.sbi.2022.102342;2022
CSIC-Elsevier;Consejo Superior de Investigaciones Cientificas (CSIC);TRUE;http://dx.doi.org/10.1016/j.cretres.2022.105161;2022
CSIC-Elsevier;Consejo Superior de Investigaciones Cientificas (CSIC);TRUE;http://dx.doi.org/10.1016/j.geomorph.2022.108126;2022
CSIC-Elsevier;Consejo Superior de Investigaciones Cientificas (CSIC);TRUE;http://dx.doi.org/10.1016/j.chemosphere.2022.133775;2022
CSIC-Elsevier;Consejo Superior de Investigaciones Cientificas (CSIC);TRUE;http://dx.doi.org/10.1016/j.scitotenv.2022.153523;2022
CSIC-Elsevier;Consejo Superior de Investigaciones Cientificas (CSIC);TRUE;http://dx.doi.org/10.1016/j.aquaculture.2022.737984;2022
CSIC-Elsevier;Consejo Superior de Investigaciones Cientificas (CSIC);TRUE;http://dx.doi.org/10.1016/j.scitotenv.2022.153535;2022
CSIC-Elsevier;Consejo Superior de Investigaciones Cientificas (CSIC);TRUE;http://dx.doi.org/10.1016/j.jenvman.2022.114635;2022
CSIC-Elsevier;Consejo Superior de Investigaciones Cientificas (CSIC);TRUE;http://dx.doi.org/10.1016/j.talanta.2022.123226;2022
CSIC-Elsevier;Consejo Superior de Investigaciones Cientificas (CSIC);TRUE;http://dx.doi.org/10.1016/j.clay.2022.106417;2022
CSIC-Elsevier;Consejo Superior de Investigaciones Cientificas (CSIC);TRUE;http://dx.doi.org/10.1016/j.colsurfb.2022.112363;2022
CSIC-Elsevier;Consejo Superior de Investigaciones Cientificas (CSIC);TRUE;http://dx.doi.org/10.1016/j.jhevol.2022.103155;2022
CSIC-Elsevier;Consejo Superior de Investigaciones Cientificas (CSIC);TRUE;http://dx.doi.org/10.1016/j.combustflame.2022.112022;2022
CSIC-Elsevier;Consejo Superior de Investigaciones Cientificas (CSIC);TRUE;http://dx.doi.org/10.1016/j.marpolbul.2022.113405;2022
CSIC-Elsevier;Consejo Superior de Investigaciones Cientificas (CSIC);TRUE;http://dx.doi.org/10.1016/j.gr.2022.01.011;2022
CSIC-Elsevier;Consejo Superior de Investigaciones Cientificas (CSIC);TRUE;http://dx.doi.org/10.1016/j.jcat.2022.01.032;2022
CSIC-Elsevier;Consejo Superior de Investigaciones Cientificas (CSIC);TRUE;http://dx.doi.org/10.1016/j.foodhyd.2022.107562;2022
CSIC-Elsevier;Consejo Superior de Investigaciones Cientificas (CSIC);TRUE;http://dx.doi.org/10.1016/j.foodhyd.2022.107564;2022
CSIC-Elsevier;Consejo Superior de Investigaciones Cientificas (CSIC);TRUE;http://dx.doi.org/10.1016/j.ejmech.2022.114183;2022
CSIC-Elsevier;Consejo Superior de Investigaciones Cientificas (CSIC);TRUE;http://dx.doi.org/10.1016/j.jobe.2022.104127;2022
CSIC-Elsevier;Consejo Superior de Investigaciones Cientificas (CSIC);TRUE;http://dx.doi.org/10.1016/j.chroma.2022.462886;2022
CSIC-Elsevier;Consejo Superior de Investigaciones Cientificas (CSIC);TRUE;http://dx.doi.org/10.1016/j.scitotenv.2022.153225;2022
CSIC-Elsevier;Consejo Superior de Investigaciones Cientificas (CSIC);TRUE;http://dx.doi.org/10.1016/j.envexpbot.2022.104817;2022
CSIC-Elsevier;Consejo Superior de Investigaciones Cientificas (CSIC);TRUE;http://dx.doi.org/10.1016/j.solmat.2022.111632;2022
CSIC-Elsevier;Consejo Superior de Investigaciones Cientificas (CSIC);TRUE;http://dx.doi.org/10.1016/j.mtcomm.2022.103266;2022
CSIC-Elsevier;Consejo Superior de Investigaciones Cientificas (CSIC);TRUE;http://dx.doi.org/10.1016/j.ensm.2022.02.017;2022
CSIC-Elsevier;Consejo Superior de Investigaciones Cientificas (CSIC);TRUE;http://dx.doi.org/10.1016/j.enpol.2022.112828;2022
CSIC-Elsevier;Consejo Superior de Investigaciones Cientificas (CSIC);TRUE;http://dx.doi.org/10.1016/j.chroma.2022.462907;2022
CSIC-Elsevier;Consejo Superior de Investigaciones Cientificas (CSIC);TRUE;http://dx.doi.org/10.1016/j.foodchem.2022.132474;2022
CSIC-Elsevier;Consejo Superior de Investigaciones Cientificas (CSIC);TRUE;http://dx.doi.org/10.1016/j.scitotenv.2022.153978;2022
CSIC-Elsevier;Consejo Superior de Investigaciones Cientificas (CSIC);TRUE;http://dx.doi.org/10.1016/j.semcdb.2022.02.013;2022
CSIC-Elsevier;Consejo Superior de Investigaciones Cientificas (CSIC);TRUE;http://dx.doi.org/10.1016/j.foreco.2022.120104;2022
CSIC-Elsevier;Consejo Superior de Investigaciones Cientificas (CSIC);TRUE;http://dx.doi.org/10.1016/j.jmmm.2022.169165;2022
CSIC-Elsevier;Consejo Superior de Investigaciones Cientificas (CSIC);TRUE;http://dx.doi.org/10.1016/j.jmb.2022.167507;2022
CSIC-Elsevier;Consejo Superior de Investigaciones Cientificas (CSIC);TRUE;http://dx.doi.org/10.1016/j.ceramint.2022.02.128;2022
CSIC-Elsevier;Consejo Superior de Investigaciones Cientificas (CSIC);TRUE;http://dx.doi.org/10.1016/j.envres.2022.112961;2022
CSIC-Elsevier;Consejo Superior de Investigaciones Cientificas (CSIC);TRUE;http://dx.doi.org/10.1016/j.scitotenv.2022.153937;2022
CSIC-Elsevier;Consejo Superior de Investigaciones Cientificas (CSIC);TRUE;http://dx.doi.org/10.1016/j.geomorph.2022.108178;2022
CSIC-Elsevier;Consejo Superior de Investigaciones Cientificas (CSIC);TRUE;http://dx.doi.org/10.1016/j.jmb.2022.167501;2022
CSIC-Elsevier;Consejo Superior de Investigaciones Cientificas (CSIC);TRUE;http://dx.doi.org/10.1016/j.scitotenv.2022.154044;2022
CSIC-Elsevier;Consejo Superior de Investigaciones Cientificas (CSIC);TRUE;http://dx.doi.org/10.1016/j.atmosres.2022.106095;2022
CSIC-Elsevier;Consejo Superior de Investigaciones Cientificas (CSIC);TRUE;http://dx.doi.org/10.1016/j.ccr.2022.214459;2022
CSIC-Elsevier;Consejo Superior de Investigaciones Cientificas (CSIC);TRUE;http://dx.doi.org/10.1016/j.marpolbul.2022.113463;2022
CSIC-Elsevier;Consejo Superior de Investigaciones Cientificas (CSIC);TRUE;http://dx.doi.org/10.1016/j.biombioe.2022.106391;2022
CSIC-Elsevier;Consejo Superior de Investigaciones Cientificas (CSIC);TRUE;http://dx.doi.org/10.1016/j.jhazmat.2022.128563;2022
CSIC-Elsevier;Consejo Superior de Investigaciones Cientificas (CSIC);TRUE;http://dx.doi.org/10.1016/j.agee.2022.107931;2022
CSIC-Elsevier;Consejo Superior de Investigaciones Cientificas (CSIC);TRUE;http://dx.doi.org/10.1016/j.ijbiomac.2022.02.084;2022
CSIC-Elsevier;Consejo Superior de Investigaciones Cientificas (CSIC);TRUE;http://dx.doi.org/10.1016/j.marpolbul.2022.113479;2022
CSIC-Elsevier;Consejo Superior de Investigaciones Cientificas (CSIC);TRUE;http://dx.doi.org/10.1016/j.molimm.2022.02.019;2022
CSIC-Elsevier;Consejo Superior de Investigaciones Cientificas (CSIC);TRUE;http://dx.doi.org/10.1016/j.jcs.2022.103442;2022
CSIC-Elsevier;Consejo Superior de Investigaciones Cientificas (CSIC);TRUE;http://dx.doi.org/10.1016/j.marpol.2022.105015;2022
CSIC-Elsevier;Consejo Superior de Investigaciones Cientificas (CSIC);TRUE;http://dx.doi.org/10.1016/j.landusepol.2022.106065;2022
CSIC-Elsevier;Consejo Superior de Investigaciones Cientificas (CSIC);TRUE;http://dx.doi.org/10.1016/j.foodres.2022.111010;2022
CSIC-Elsevier;Consejo Superior de Investigaciones Cientificas (CSIC);TRUE;http://dx.doi.org/10.1016/j.foodchem.2022.132567;2022
CSIC-Elsevier;Consejo Superior de Investigaciones Cientificas (CSIC);TRUE;http://dx.doi.org/10.1016/j.est.2022.104305;2022
CSIC-Elsevier;Consejo Superior de Investigaciones Cientificas (CSIC);TRUE;http://dx.doi.org/10.1016/j.jcat.2022.02.020;2022
CSIC-Elsevier;Consejo Superior de Investigaciones Cientificas (CSIC);TRUE;http://dx.doi.org/10.1016/j.jvolgeores.2022.107516;2022
CSIC-Elsevier;Consejo Superior de Investigaciones Cientificas (CSIC);TRUE;http://dx.doi.org/10.1016/j.fuel.2022.123704;2022
CSIC-Elsevier;Consejo Superior de Investigaciones Cientificas (CSIC);TRUE;http://dx.doi.org/10.1016/j.dendro.2022.125944;2022
CSIC-Elsevier;Consejo Superior de Investigaciones Cientificas (CSIC);TRUE;http://dx.doi.org/10.1016/j.vetpar.2022.109684;2022
CSIC-Elsevier;Consejo Superior de Investigaciones Cientificas (CSIC);TRUE;http://dx.doi.org/10.1016/j.foodchem.2022.132558;2022
CSIC-Elsevier;Consejo Superior de Investigaciones Cientificas (CSIC);TRUE;http://dx.doi.org/10.1016/j.ijfoodmicro.2022.109611;2022
CSIC-Elsevier;Consejo Superior de Investigaciones Cientificas (CSIC);TRUE;http://dx.doi.org/10.1016/j.syapm.2022.126317;2022
CSIC-Elsevier;Consejo Superior de Investigaciones Cientificas (CSIC);TRUE;http://dx.doi.org/10.1016/j.cogsc.2022.100593;2022
CSIC-Elsevier;Consejo Superior de Investigaciones Cientificas (CSIC);TRUE;http://dx.doi.org/10.1016/j.epsl.2022.117447;2022
CSIC-Elsevier;Consejo Superior de Investigaciones Cientificas (CSIC);TRUE;http://dx.doi.org/10.1016/j.antiviral.2022.105270;2022
CSIC-Elsevier;Consejo Superior de Investigaciones Cientificas (CSIC);TRUE;http://dx.doi.org/10.1016/j.scitotenv.2022.154219;2022
CSIC-Elsevier;Consejo Superior de Investigaciones Cientificas (CSIC);TRUE;http://dx.doi.org/10.1016/j.cemconres.2022.106765;2022
CSIC-Elsevier;Consejo Superior de Investigaciones Cientificas (CSIC);TRUE;http://dx.doi.org/10.1016/j.trac.2022.116589;2022
CSIC-Elsevier;Consejo Superior de Investigaciones Cientificas (CSIC);TRUE;http://dx.doi.org/10.1016/j.virusres.2022.198729;2022
CSIC-Elsevier;Consejo Superior de Investigaciones Cientificas (CSIC);TRUE;http://dx.doi.org/10.1016/j.scitotenv.2022.154401;2022
CSIC-Elsevier;Consejo Superior de Investigaciones Cientificas (CSIC);TRUE;http://dx.doi.org/10.1016/j.ceramint.2022.03.039;2022
CSIC-Elsevier;Consejo Superior de Investigaciones Cientificas (CSIC);TRUE;http://dx.doi.org/10.1016/j.ufug.2022.127542;2022
CSIC-Elsevier;Consejo Superior de Investigaciones Cientificas (CSIC);TRUE;http://dx.doi.org/10.1016/j.mcat.2022.112228;2022
CSIC-Elsevier;Consejo Superior de Investigaciones Cientificas (CSIC);TRUE;http://dx.doi.org/10.1016/j.chroma.2022.462922;2022
CSIC-Elsevier;Consejo Superior de Investigaciones Cientificas (CSIC);TRUE;http://dx.doi.org/10.1016/j.foodchem.2022.132680;2022
CSIC-Elsevier;Consejo Superior de Investigaciones Cientificas (CSIC);TRUE;http://dx.doi.org/10.1016/j.ocecoaman.2022.106113;2022
CSIC-Elsevier;Consejo Superior de Investigaciones Cientificas (CSIC);TRUE;http://dx.doi.org/10.1016/j.meatsci.2022.108804;2022
CSIC-Elsevier;Consejo Superior de Investigaciones Cientificas (CSIC);TRUE;http://dx.doi.org/10.1016/j.fuel.2022.123901;2022
CSIC-Elsevier;Consejo Superior de Investigaciones Cientificas (CSIC);TRUE;http://dx.doi.org/10.1016/j.aquaculture.2022.738119;2022
CSIC-Elsevier;Consejo Superior de Investigaciones Cientificas (CSIC);TRUE;http://dx.doi.org/10.1016/j.cej.2022.135842;2022
CSIC-Elsevier;Consejo Superior de Investigaciones Cientificas (CSIC);TRUE;http://dx.doi.org/10.1016/j.jenvman.2022.114897;2022
CSIC-Elsevier;Consejo Superior de Investigaciones Cientificas (CSIC);TRUE;http://dx.doi.org/10.1016/j.scitotenv.2022.154684;2022
CSIC-Elsevier;Consejo Superior de Investigaciones Cientificas (CSIC);TRUE;http://dx.doi.org/10.1016/j.jfca.2022.104532;2022
CSIC-Elsevier;Consejo Superior de Investigaciones Cientificas (CSIC);TRUE;http://dx.doi.org/10.1016/j.jece.2022.107590;2022
CSIC-Elsevier;Consejo Superior de Investigaciones Cientificas (CSIC);TRUE;http://dx.doi.org/10.1016/j.foodcont.2022.108969;2022
CSIC-Elsevier;Consejo Superior de Investigaciones Cientificas (CSIC);TRUE;http://dx.doi.org/10.1016/j.marenvres.2022.105607;2022
CSIC-Elsevier;Consejo Superior de Investigaciones Cientificas (CSIC);TRUE;http://dx.doi.org/10.1016/j.jmb.2022.167556;2022
CSIC-Elsevier;Consejo Superior de Investigaciones Cientificas (CSIC);TRUE;http://dx.doi.org/10.1016/j.compag.2022.106890;2022
CSIC-Elsevier;Consejo Superior de Investigaciones Cientificas (CSIC);TRUE;http://dx.doi.org/10.1016/j.pocean.2022.102782;2022
CSIC-Elsevier;Consejo Superior de Investigaciones Cientificas (CSIC);TRUE;http://dx.doi.org/10.1016/j.foodchem.2022.132805;2022
CSIC-Elsevier;Consejo Superior de Investigaciones Cientificas (CSIC);TRUE;http://dx.doi.org/10.1016/j.virusres.2022.198757;2022
CSIC-Elsevier;Consejo Superior de Investigaciones Cientificas (CSIC);TRUE;http://dx.doi.org/10.1016/j.chemphys.2022.111518;2022
CSIC-Elsevier;Consejo Superior de Investigaciones Cientificas (CSIC);TRUE;http://dx.doi.org/10.1016/j.atmosres.2022.106153;2022
CSIC-Elsevier;Consejo Superior de Investigaciones Cientificas (CSIC);TRUE;http://dx.doi.org/10.1016/j.ijbiomac.2022.03.151;2022
CSIC-Elsevier;Consejo Superior de Investigaciones Cientificas (CSIC);TRUE;http://dx.doi.org/10.1016/j.tecto.2022.229309;2022
CSIC-Elsevier;Consejo Superior de Investigaciones Cientificas (CSIC);TRUE;http://dx.doi.org/10.1016/j.envres.2022.113150;2022
CSIC-Elsevier;Consejo Superior de Investigaciones Cientificas (CSIC);TRUE;http://dx.doi.org/10.1016/j.jmb.2022.167568;2022
CSIC-Elsevier;Consejo Superior de Investigaciones Cientificas (CSIC);TRUE;http://dx.doi.org/10.1016/j.scitotenv.2022.154871;2022
CSIC-Elsevier;Consejo Superior de Investigaciones Cientificas (CSIC);TRUE;http://dx.doi.org/10.1016/j.cej.2022.136129;2022
CSIC-Elsevier;Consejo Superior de Investigaciones Cientificas (CSIC);TRUE;http://dx.doi.org/10.1016/j.jtherbio.2022.103230;2022
CSIC-Elsevier;Consejo Superior de Investigaciones Cientificas (CSIC);TRUE;http://dx.doi.org/10.1016/j.molliq.2022.119039;2022
CSIC-Elsevier;Consejo Superior de Investigaciones Cientificas (CSIC);TRUE;http://dx.doi.org/10.1016/j.scitotenv.2022.154772;2022
CSIC-Elsevier;Consejo Superior de Investigaciones Cientificas (CSIC);TRUE;http://dx.doi.org/10.1016/j.envres.2022.113120;2022
CSIC-Elsevier;Consejo Superior de Investigaciones Cientificas (CSIC);TRUE;http://dx.doi.org/10.1016/j.mtchem.2022.100899;2022
CSIC-Elsevier;Consejo Superior de Investigaciones Cientificas (CSIC);TRUE;http://dx.doi.org/10.1016/j.jsg.2022.104582;2022
CSIC-Elsevier;Consejo Superior de Investigaciones Cientificas (CSIC);TRUE;http://dx.doi.org/10.1016/j.ppees.2022.125670;2022
CSIC-Elsevier;Consejo Superior de Investigaciones Cientificas (CSIC);TRUE;http://dx.doi.org/10.1016/j.quascirev.2022.107471;2022
CSIC-Elsevier;Consejo Superior de Investigaciones Cientificas (CSIC);TRUE;http://dx.doi.org/10.1016/j.clay.2022.106496;2022
CSIC-Elsevier;Consejo Superior de Investigaciones Cientificas (CSIC);TRUE;http://dx.doi.org/10.1016/j.scitotenv.2022.154938;2022
CSIC-Elsevier;Consejo Superior de Investigaciones Cientificas (CSIC);TRUE;http://dx.doi.org/10.1016/j.fsi.2022.03.040;2022
CSIC-Elsevier;Consejo Superior de Investigaciones Cientificas (CSIC);TRUE;http://dx.doi.org/10.1016/j.mtcomm.2022.103469;2022
CSIC-Elsevier;Consejo Superior de Investigaciones Cientificas (CSIC);TRUE;http://dx.doi.org/10.1016/j.scitotenv.2022.155007;2022
CSIC-Elsevier;Consejo Superior de Investigaciones Cientificas (CSIC);TRUE;http://dx.doi.org/10.1016/j.cej.2022.136175;2022
CSIC-Elsevier;Consejo Superior de Investigaciones Cientificas (CSIC);TRUE;http://dx.doi.org/10.1016/j.carbon.2022.04.003;2022
CSIC-Elsevier;Consejo Superior de Investigaciones Cientificas (CSIC);TRUE;http://dx.doi.org/10.1016/j.envpol.2022.119239;2022
CSIC-Elsevier;Consejo Superior de Investigaciones Cientificas (CSIC);TRUE;http://dx.doi.org/10.1016/j.teac.2022.e00161;2022
CSIC-Elsevier;Consejo Superior de Investigaciones Cientificas (CSIC);TRUE;http://dx.doi.org/10.1016/j.ijfoodmicro.2022.109670;2022
CSIC-Elsevier;Consejo Superior de Investigaciones Cientificas (CSIC);TRUE;http://dx.doi.org/10.1016/j.beem.2022.101656;2022
CSIC-Elsevier;Consejo Superior de Investigaciones Cientificas (CSIC);TRUE;http://dx.doi.org/10.1016/j.apsusc.2022.153274;2022
CSIC-Elsevier;Consejo Superior de Investigaciones Cientificas (CSIC);TRUE;http://dx.doi.org/10.1016/j.quascirev.2022.107518;2022
CSIC-Elsevier;Consejo Superior de Investigaciones Cientificas (CSIC);TRUE;http://dx.doi.org/10.1016/j.polymer.2022.124827;2022
CSIC-Elsevier;Consejo Superior de Investigaciones Cientificas (CSIC);TRUE;http://dx.doi.org/10.1016/j.foodres.2022.111238;2022
CSIC-Elsevier;Consejo Superior de Investigaciones Cientificas (CSIC);TRUE;http://dx.doi.org/10.1016/j.cej.2022.136333;2022
CSIC-Elsevier;Consejo Superior de Investigaciones Cientificas (CSIC);TRUE;http://dx.doi.org/10.1016/j.jeurceramsoc.2022.04.009;2022
CSIC-Elsevier;Consejo Superior de Investigaciones Cientificas (CSIC);TRUE;http://dx.doi.org/10.1016/j.landusepol.2022.106147;2022
CSIC-Elsevier;Consejo Superior de Investigaciones Cientificas (CSIC);TRUE;http://dx.doi.org/10.1016/j.envres.2022.113269;2022
CSIC-Elsevier;Consejo Superior de Investigaciones Cientificas (CSIC);TRUE;http://dx.doi.org/10.1016/j.carres.2022.108557;2022
CSIC-Elsevier;Consejo Superior de Investigaciones Cientificas (CSIC);TRUE;http://dx.doi.org/10.1016/j.fm.2022.104038;2022
CSIC-Elsevier;Consejo Superior de Investigaciones Cientificas (CSIC);TRUE;http://dx.doi.org/10.1016/j.addma.2022.102828;2022
CSIC-Elsevier;Consejo Superior de Investigaciones Cientificas (CSIC);TRUE;http://dx.doi.org/10.1016/j.scitotenv.2022.155162;2022
CSIC-Elsevier;Consejo Superior de Investigaciones Cientificas (CSIC);TRUE;http://dx.doi.org/10.1016/j.dsr.2022.103775;2022
CSIC-Elsevier;Consejo Superior de Investigaciones Cientificas (CSIC);TRUE;http://dx.doi.org/10.1016/j.chemosphere.2022.134645;2022
CSIC-Elsevier;Consejo Superior de Investigaciones Cientificas (CSIC);TRUE;http://dx.doi.org/10.1016/j.jebo.2022.04.003;2022
CSIC-Elsevier;Consejo Superior de Investigaciones Cientificas (CSIC);TRUE;http://dx.doi.org/10.1016/j.fuel.2022.124250;2022
CSIC-Elsevier;Consejo Superior de Investigaciones Cientificas (CSIC);TRUE;http://dx.doi.org/10.1016/j.scitotenv.2022.155264;2022
CSIC-Elsevier;Consejo Superior de Investigaciones Cientificas (CSIC);TRUE;http://dx.doi.org/10.1016/j.ceramint.2022.04.163;2022
CSIC-Elsevier;Consejo Superior de Investigaciones Cientificas (CSIC);TRUE;http://dx.doi.org/10.1016/j.eja.2022.126515;2022
CSIC-Elsevier;Consejo Superior de Investigaciones Cientificas (CSIC);TRUE;http://dx.doi.org/10.1016/j.cofs.2022.100847;2022
CSIC-Elsevier;Consejo Superior de Investigaciones Cientificas (CSIC);TRUE;http://dx.doi.org/10.1016/j.cpc.2022.108366;2022
CSIC-Elsevier;Consejo Superior de Investigaciones Cientificas (CSIC);TRUE;http://dx.doi.org/10.1016/j.jobe.2022.104525;2022
CSIC-Elsevier;Consejo Superior de Investigaciones Cientificas (CSIC);TRUE;http://dx.doi.org/10.1016/j.scitotenv.2022.155480;2022
CSIC-Elsevier;Consejo Superior de Investigaciones Cientificas (CSIC);TRUE;http://dx.doi.org/10.1016/j.jclepro.2022.131909;2022
CSIC-Elsevier;Consejo Superior de Investigaciones Cientificas (CSIC);TRUE;http://dx.doi.org/10.1016/j.foodres.2022.111253;2022
CSIC-Elsevier;Consejo Superior de Investigaciones Cientificas (CSIC);TRUE;http://dx.doi.org/10.1016/j.jfca.2022.104599;2022
CSIC-Elsevier;Consejo Superior de Investigaciones Cientificas (CSIC);TRUE;http://dx.doi.org/10.1016/j.scitotenv.2022.155554;2022
CSIC-Elsevier;Consejo Superior de Investigaciones Cientificas (CSIC);TRUE;http://dx.doi.org/10.1016/j.ejmech.2022.114414;2022
CSIC-Elsevier;Consejo Superior de Investigaciones Cientificas (CSIC);TRUE;http://dx.doi.org/10.1016/j.biombioe.2022.106453;2022
CSIC-Elsevier;Consejo Superior de Investigaciones Cientificas (CSIC);TRUE;http://dx.doi.org/10.1016/j.ecoleng.2022.106669;2022
CSIC-Elsevier;Consejo Superior de Investigaciones Cientificas (CSIC);TRUE;http://dx.doi.org/10.1016/j.foodchem.2022.133079;2022
CSIC-Elsevier;Consejo Superior de Investigaciones Cientificas (CSIC);TRUE;http://dx.doi.org/10.1016/j.jallcom.2022.165180;2022
CSIC-Elsevier;Consejo Superior de Investigaciones Cientificas (CSIC);TRUE;http://dx.doi.org/10.1016/j.geoforum.2022.04.013;2022
CSIC-Elsevier;Consejo Superior de Investigaciones Cientificas (CSIC);TRUE;http://dx.doi.org/10.1016/j.jhazmat.2022.129044;2022
CSIC-Elsevier;Consejo Superior de Investigaciones Cientificas (CSIC);TRUE;http://dx.doi.org/10.1016/j.scitotenv.2022.155535;2022
CSIC-Elsevier;Consejo Superior de Investigaciones Cientificas (CSIC);TRUE;http://dx.doi.org/10.1016/j.ijbiomac.2022.04.177;2022
CSIC-Elsevier;Consejo Superior de Investigaciones Cientificas (CSIC);TRUE;http://dx.doi.org/10.1016/j.chemosphere.2022.134777;2022
CSIC-Elsevier;Consejo Superior de Investigaciones Cientificas (CSIC);TRUE;http://dx.doi.org/10.1016/j.chemosphere.2022.134783;2022
CSIC-Elsevier;Consejo Superior de Investigaciones Cientificas (CSIC);TRUE;http://dx.doi.org/10.1016/j.neuroscience.2022.04.024;2022
CSIC-Elsevier;Consejo Superior de Investigaciones Cientificas (CSIC);TRUE;http://dx.doi.org/10.1016/j.jcis.2022.04.170;2022
CSIC-Elsevier;Consejo Superior de Investigaciones Cientificas (CSIC);TRUE;http://dx.doi.org/10.1016/j.foreco.2022.120268;2022
CSIC-Elsevier;Consejo Superior de Investigaciones Cientificas (CSIC);TRUE;http://dx.doi.org/10.1016/j.dci.2022.104431;2022
CSIC-Elsevier;Consejo Superior de Investigaciones Cientificas (CSIC);TRUE;http://dx.doi.org/10.1016/j.ympev.2022.107483;2022
CSIC-Elsevier;Consejo Superior de Investigaciones Cientificas (CSIC);TRUE;http://dx.doi.org/10.1016/j.scitotenv.2022.155744;2022
CSIC-Elsevier;Consejo Superior de Investigaciones Cientificas (CSIC);TRUE;http://dx.doi.org/10.1016/j.jfca.2022.104622;2022
CSIC-Elsevier;Consejo Superior de Investigaciones Cientificas (CSIC);TRUE;http://dx.doi.org/10.1016/j.carres.2022.108580;2022
CSIC-Elsevier;Consejo Superior de Investigaciones Cientificas (CSIC);TRUE;http://dx.doi.org/10.1016/j.jeurceramsoc.2022.04.061;2022
CSIC-Elsevier;Consejo Superior de Investigaciones Cientificas (CSIC);TRUE;http://dx.doi.org/10.1016/j.cbpa.2022.111231;2022
CSIC-Elsevier;Consejo Superior de Investigaciones Cientificas (CSIC);TRUE;http://dx.doi.org/10.1016/j.poly.2022.115904;2022
CSIC-Elsevier;Consejo Superior de Investigaciones Cientificas (CSIC);TRUE;http://dx.doi.org/10.1016/j.chemosphere.2022.134937;2022
CSIC-Elsevier;Consejo Superior de Investigaciones Cientificas (CSIC);TRUE;http://dx.doi.org/10.1016/j.bmc.2022.116814;2022
CSIC-Elsevier;Consejo Superior de Investigaciones Cientificas (CSIC);TRUE;http://dx.doi.org/10.1016/j.earscirev.2022.104055;2022
CSIC-Elsevier;Consejo Superior de Investigaciones Cientificas (CSIC);TRUE;http://dx.doi.org/10.1016/j.carbpol.2022.119611;2022
CSIC-Elsevier;Consejo Superior de Investigaciones Cientificas (CSIC);TRUE;http://dx.doi.org/10.1016/j.jappgeo.2022.104673;2022
CSIC-Elsevier;Consejo Superior de Investigaciones Cientificas (CSIC);TRUE;http://dx.doi.org/10.1016/j.jebo.2022.05.004;2022
CSIC-Elsevier;Consejo Superior de Investigaciones Cientificas (CSIC);TRUE;http://dx.doi.org/10.1016/j.polymer.2022.124789;2022
CSIC-Elsevier;Consejo Superior de Investigaciones Cientificas (CSIC);TRUE;http://dx.doi.org/10.1016/j.ecss.2022.107884;2022
CSIC-Elsevier;Consejo Superior de Investigaciones Cientificas (CSIC);TRUE;http://dx.doi.org/10.1016/j.scitotenv.2022.155789;2022
CSIC-Elsevier;Consejo Superior de Investigaciones Cientificas (CSIC);TRUE;http://dx.doi.org/10.1016/j.jsb.2022.107861;2022
CSIC-Elsevier;Consejo Superior de Investigaciones Cientificas (CSIC);TRUE;http://dx.doi.org/10.1016/j.ijbiomac.2022.04.224;2022
CSIC-Elsevier;Consejo Superior de Investigaciones Cientificas (CSIC);TRUE;http://dx.doi.org/10.1016/j.foodhyd.2022.107793;2022
CSIC-Elsevier;Consejo Superior de Investigaciones Cientificas (CSIC);TRUE;http://dx.doi.org/10.1016/j.foodhyd.2022.107799;2022
CSIC-Elsevier;Consejo Superior de Investigaciones Cientificas (CSIC);TRUE;http://dx.doi.org/10.1016/j.chroma.2022.463147;2022
CSIC-Elsevier;Consejo Superior de Investigaciones Cientificas (CSIC);TRUE;http://dx.doi.org/10.1016/j.chemosphere.2022.134975;2022
CSIC-Elsevier;Consejo Superior de Investigaciones Cientificas (CSIC);TRUE;http://dx.doi.org/10.1016/j.marenvres.2022.105636;2022
CSIC-Elsevier;Consejo Superior de Investigaciones Cientificas (CSIC);TRUE;http://dx.doi.org/10.1016/j.ympev.2022.107524;2022
CSIC-Elsevier;Consejo Superior de Investigaciones Cientificas (CSIC);TRUE;http://dx.doi.org/10.1016/j.jallcom.2022.165531;2022
CSIC-Elsevier;Consejo Superior de Investigaciones Cientificas (CSIC);TRUE;http://dx.doi.org/10.1016/j.clae.2022.101716;2022
CSIC-Elsevier;Consejo Superior de Investigaciones Cientificas (CSIC);TRUE;http://dx.doi.org/10.1016/j.fuproc.2022.107313;2022
CSIC-Elsevier;Consejo Superior de Investigaciones Cientificas (CSIC);TRUE;http://dx.doi.org/10.1016/j.mib.2022.102169;2022
CSIC-Elsevier;Consejo Superior de Investigaciones Cientificas (CSIC);TRUE;http://dx.doi.org/10.1016/j.jhydrol.2022.127940;2022
CSIC-Elsevier;Consejo Superior de Investigaciones Cientificas (CSIC);TRUE;http://dx.doi.org/10.1016/j.matchemphys.2022.126296;2022
CSIC-Elsevier;Consejo Superior de Investigaciones Cientificas (CSIC);TRUE;http://dx.doi.org/10.1016/j.jplph.2022.153730;2022
CSIC-Elsevier;Consejo Superior de Investigaciones Cientificas (CSIC);TRUE;http://dx.doi.org/10.1016/j.semcdb.2022.05.015;2022
CSIC-Elsevier;Consejo Superior de Investigaciones Cientificas (CSIC);TRUE;http://dx.doi.org/10.1016/j.aquaculture.2022.738362;2022
CSIC-Elsevier;Consejo Superior de Investigaciones Cientificas (CSIC);TRUE;http://dx.doi.org/10.1016/j.scitotenv.2022.156165;2022
CSIC-Elsevier;Consejo Superior de Investigaciones Cientificas (CSIC);TRUE;http://dx.doi.org/10.1016/j.jece.2022.107955;2022
CSIC-Elsevier;Consejo Superior de Investigaciones Cientificas (CSIC);TRUE;http://dx.doi.org/10.1016/j.icarus.2022.115109;2022
CSIC-Elsevier;Consejo Superior de Investigaciones Cientificas (CSIC);TRUE;http://dx.doi.org/10.1016/j.foodchem.2022.133300;2022
CSIC-Elsevier;Consejo Superior de Investigaciones Cientificas (CSIC);TRUE;http://dx.doi.org/10.1016/j.jnutbio.2022.109057;2022
CSIC-Elsevier;Consejo Superior de Investigaciones Cientificas (CSIC);TRUE;http://dx.doi.org/10.1016/j.apcatb.2022.121451;2022
CSIC-Elsevier;Consejo Superior de Investigaciones Cientificas (CSIC);TRUE;http://dx.doi.org/10.1016/j.cmpb.2022.106856;2022
CSIC-Elsevier;Consejo Superior de Investigaciones Cientificas (CSIC);TRUE;http://dx.doi.org/10.1016/j.plantsci.2022.111320;2022
CSIC-Elsevier;Consejo Superior de Investigaciones Cientificas (CSIC);TRUE;http://dx.doi.org/10.1016/j.cemconres.2022.106856;2022
CSIC-Elsevier;Consejo Superior de Investigaciones Cientificas (CSIC);TRUE;http://dx.doi.org/10.1016/j.envpol.2022.119546;2022
CSIC-Elsevier;Consejo Superior de Investigaciones Cientificas (CSIC);TRUE;http://dx.doi.org/10.1016/j.ecss.2022.107912;2022
CSIC-Elsevier;Consejo Superior de Investigaciones Cientificas (CSIC);TRUE;http://dx.doi.org/10.1016/j.envres.2022.113549;2022
CSIC-Elsevier;Consejo Superior de Investigaciones Cientificas (CSIC);TRUE;http://dx.doi.org/10.1016/j.jenvman.2022.115323;2022
CSIC-Elsevier;Consejo Superior de Investigaciones Cientificas (CSIC);TRUE;http://dx.doi.org/10.1016/j.pocean.2022.102818;2022
CSIC-Elsevier;Consejo Superior de Investigaciones Cientificas (CSIC);TRUE;http://dx.doi.org/10.1016/j.jhydrol.2022.127995;2022
CSIC-Elsevier;Consejo Superior de Investigaciones Cientificas (CSIC);TRUE;http://dx.doi.org/10.1016/j.jip.2022.107781;2022
CSIC-Elsevier;Consejo Superior de Investigaciones Cientificas (CSIC);TRUE;http://dx.doi.org/10.1016/j.dsr.2022.103791;2022
CSIC-Elsevier;Consejo Superior de Investigaciones Cientificas (CSIC);TRUE;http://dx.doi.org/10.1016/j.scitotenv.2022.156394;2022
CSIC-Elsevier;Consejo Superior de Investigaciones Cientificas (CSIC);TRUE;http://dx.doi.org/10.1016/j.talanta.2022.123586;2022
CSIC-Elsevier;Consejo Superior de Investigaciones Cientificas (CSIC);TRUE;http://dx.doi.org/10.1016/j.ibmb.2022.103798;2022
CSIC-Elsevier;Consejo Superior de Investigaciones Cientificas (CSIC);TRUE;http://dx.doi.org/10.1016/j.foodchem.2022.133372;2022
CSIC-Elsevier;Consejo Superior de Investigaciones Cientificas (CSIC);TRUE;http://dx.doi.org/10.1016/j.aquaculture.2022.738449;2022
CSIC-Elsevier;Consejo Superior de Investigaciones Cientificas (CSIC);TRUE;http://dx.doi.org/10.1016/j.chroma.2022.463192;2022
CSIC-Elsevier;Consejo Superior de Investigaciones Cientificas (CSIC);TRUE;http://dx.doi.org/10.1016/j.chemphys.2022.111597;2022
CSIC-Elsevier;Consejo Superior de Investigaciones Cientificas (CSIC);TRUE;http://dx.doi.org/10.1016/j.earscirev.2022.104070;2022
CSIC-Elsevier;Consejo Superior de Investigaciones Cientificas (CSIC);TRUE;http://dx.doi.org/10.1016/j.jplph.2022.153734;2022
CSIC-Elsevier;Consejo Superior de Investigaciones Cientificas (CSIC);TRUE;http://dx.doi.org/10.1016/j.agee.2022.108048;2022
CSIC-Elsevier;Consejo Superior de Investigaciones Cientificas (CSIC);TRUE;http://dx.doi.org/10.1016/j.jcis.2022.06.005;2022
CSIC-Elsevier;Consejo Superior de Investigaciones Cientificas (CSIC);TRUE;http://dx.doi.org/10.1016/j.virusres.2022.198844;2022
CSIC-Elsevier;Consejo Superior de Investigaciones Cientificas (CSIC);TRUE;http://dx.doi.org/10.1016/j.orgel.2022.106574;2022
CSIC-Elsevier;Consejo Superior de Investigaciones Cientificas (CSIC);TRUE;http://dx.doi.org/10.1016/j.eswa.2022.117795;2022
CSIC-Elsevier;Consejo Superior de Investigaciones Cientificas (CSIC);TRUE;http://dx.doi.org/10.1016/j.enconman.2022.115866;2022
CSIC-Elsevier;Consejo Superior de Investigaciones Cientificas (CSIC);TRUE;http://dx.doi.org/10.1016/j.enconman.2022.115865;2022
CSIC-Elsevier;Consejo Superior de Investigaciones Cientificas (CSIC);TRUE;http://dx.doi.org/10.1016/j.jsb.2022.107872;2022
CSIC-Elsevier;Consejo Superior de Investigaciones Cientificas (CSIC);TRUE;http://dx.doi.org/10.1016/j.chroma.2022.463198;2022
CSIC-Elsevier;Consejo Superior de Investigaciones Cientificas (CSIC);TRUE;http://dx.doi.org/10.1016/j.envres.2022.113639;2022
CSIC-Elsevier;Consejo Superior de Investigaciones Cientificas (CSIC);TRUE;http://dx.doi.org/10.1016/j.scitotenv.2022.156592;2022
CSIC-Elsevier;Consejo Superior de Investigaciones Cientificas (CSIC);TRUE;http://dx.doi.org/10.1016/j.fct.2022.113224;2022
CSIC-Elsevier;Consejo Superior de Investigaciones Cientificas (CSIC);TRUE;http://dx.doi.org/10.1016/j.aim.2022.108520;2022
CSIC-Elsevier;Consejo Superior de Investigaciones Cientificas (CSIC);TRUE;http://dx.doi.org/10.1016/j.ijfoodmicro.2022.109773;2022
CSIC-Elsevier;Consejo Superior de Investigaciones Cientificas (CSIC);TRUE;http://dx.doi.org/10.1016/j.ijleo.2022.169434;2022
CSIC-Elsevier;Consejo Superior de Investigaciones Cientificas (CSIC);TRUE;http://dx.doi.org/10.1016/j.ecss.2022.107924;2022
CSIC-Elsevier;Consejo Superior de Investigaciones Cientificas (CSIC);TRUE;http://dx.doi.org/10.1016/j.chemosphere.2022.135197;2022
CSIC-Elsevier;Consejo Superior de Investigaciones Cientificas (CSIC);TRUE;http://dx.doi.org/10.1016/j.fm.2022.104067;2022
CSIC-Elsevier;Consejo Superior de Investigaciones Cientificas (CSIC);TRUE;http://dx.doi.org/10.1016/j.apsusc.2022.153918;2022
CSIC-Elsevier;Consejo Superior de Investigaciones Cientificas (CSIC);TRUE;http://dx.doi.org/10.1016/j.fm.2022.104077;2022
CSIC-Elsevier;Consejo Superior de Investigaciones Cientificas (CSIC);TRUE;http://dx.doi.org/10.1016/j.scitotenv.2022.156654;2022
CSIC-Elsevier;Consejo Superior de Investigaciones Cientificas (CSIC);TRUE;http://dx.doi.org/10.1016/j.copbio.2022.102752;2022
CSIC-Elsevier;Consejo Superior de Investigaciones Cientificas (CSIC);TRUE;http://dx.doi.org/10.1016/j.envpol.2022.119614;2022
CSIC-Elsevier;Consejo Superior de Investigaciones Cientificas (CSIC);TRUE;http://dx.doi.org/10.1016/j.foodcont.2022.108868;2022
CSIC-Elsevier;Consejo Superior de Investigaciones Cientificas (CSIC);TRUE;http://dx.doi.org/10.1016/j.compag.2022.107160;2022
CSIC-Elsevier;Consejo Superior de Investigaciones Cientificas (CSIC);TRUE;http://dx.doi.org/10.1016/j.fm.2022.104082;2022
CSIC-Elsevier;Consejo Superior de Investigaciones Cientificas (CSIC);TRUE;http://dx.doi.org/10.1016/j.conbuildmat.2022.128169;2022
CSIC-Elsevier;Consejo Superior de Investigaciones Cientificas (CSIC);TRUE;http://dx.doi.org/10.1016/j.agee.2022.108070;2022
CSIC-Elsevier;Consejo Superior de Investigaciones Cientificas (CSIC);TRUE;http://dx.doi.org/10.1016/j.meatsci.2022.108896;2022
CSIC-Elsevier;Consejo Superior de Investigaciones Cientificas (CSIC);TRUE;http://dx.doi.org/10.1016/j.coph.2022.102266;2022
CSIC-Elsevier;Consejo Superior de Investigaciones Cientificas (CSIC);TRUE;http://dx.doi.org/10.1016/j.earscirev.2022.104094;2022
CSIC-Elsevier;Consejo Superior de Investigaciones Cientificas (CSIC);TRUE;http://dx.doi.org/10.1016/j.ijbiomac.2022.06.121;2022
CSIC-Elsevier;Consejo Superior de Investigaciones Cientificas (CSIC);TRUE;http://dx.doi.org/10.1016/j.foodcont.2022.109208;2022
CSIC-Elsevier;Consejo Superior de Investigaciones Cientificas (CSIC);TRUE;http://dx.doi.org/10.1016/j.biocon.2022.109637;2022
CSIC-Elsevier;Consejo Superior de Investigaciones Cientificas (CSIC);TRUE;http://dx.doi.org/10.1016/j.ecss.2022.107957;2022
CSIC-Elsevier;Consejo Superior de Investigaciones Cientificas (CSIC);TRUE;http://dx.doi.org/10.1016/j.foodhyd.2022.107888;2022
CSIC-Elsevier;Consejo Superior de Investigaciones Cientificas (CSIC);TRUE;http://dx.doi.org/10.1016/j.ijbiomac.2022.06.139;2022
CSIC-Elsevier;Consejo Superior de Investigaciones Cientificas (CSIC);TRUE;http://dx.doi.org/10.1016/j.fct.2022.113254;2022
CSIC-Elsevier;Consejo Superior de Investigaciones Cientificas (CSIC);TRUE;http://dx.doi.org/10.1016/j.biocon.2022.109639;2022
CSIC-Elsevier;Consejo Superior de Investigaciones Cientificas (CSIC);TRUE;http://dx.doi.org/10.1016/j.foreco.2022.120379;2022
CSIC-Elsevier;Consejo Superior de Investigaciones Cientificas (CSIC);TRUE;http://dx.doi.org/10.1016/j.apsusc.2022.154045;2022
CSIC-Elsevier;Consejo Superior de Investigaciones Cientificas (CSIC);TRUE;http://dx.doi.org/10.1016/j.ecss.2022.107955;2022
CSIC-Elsevier;Consejo Superior de Investigaciones Cientificas (CSIC);TRUE;http://dx.doi.org/10.1016/j.envres.2022.113760;2022
CSIC-Elsevier;Consejo Superior de Investigaciones Cientificas (CSIC);TRUE;http://dx.doi.org/10.1016/j.marenvres.2022.105693;2022
CSIC-Elsevier;Consejo Superior de Investigaciones Cientificas (CSIC);TRUE;http://dx.doi.org/10.1016/j.scitotenv.2022.157007;2022
CSIC-Elsevier;Consejo Superior de Investigaciones Cientificas (CSIC);TRUE;http://dx.doi.org/10.1016/j.cej.2022.137810;2022
CSIC-Elsevier;Consejo Superior de Investigaciones Cientificas (CSIC);TRUE;http://dx.doi.org/10.1016/j.scitotenv.2022.156921;2022
CSIC-Elsevier;Consejo Superior de Investigaciones Cientificas (CSIC);TRUE;http://dx.doi.org/10.1016/j.ympev.2022.107557;2022
CSIC-Elsevier;Consejo Superior de Investigaciones Cientificas (CSIC);TRUE;http://dx.doi.org/10.1016/j.jfca.2022.104714;2022
CSIC-Elsevier;Consejo Superior de Investigaciones Cientificas (CSIC);TRUE;http://dx.doi.org/10.1016/j.envres.2022.113763;2022
CSIC-Elsevier;Consejo Superior de Investigaciones Cientificas (CSIC);TRUE;http://dx.doi.org/10.1016/j.cherd.2022.06.042;2022
CSIC-Elsevier;Consejo Superior de Investigaciones Cientificas (CSIC);TRUE;http://dx.doi.org/10.1016/j.cej.2022.137837;2022
CSIC-Elsevier;Consejo Superior de Investigaciones Cientificas (CSIC);TRUE;http://dx.doi.org/10.1016/j.agwat.2022.107628;2022
CSIC-Elsevier;Consejo Superior de Investigaciones Cientificas (CSIC);TRUE;http://dx.doi.org/10.1016/j.scitotenv.2022.157092;2022
CSIC-Elsevier;Consejo Superior de Investigaciones Cientificas (CSIC);TRUE;http://dx.doi.org/10.1016/j.jcat.2022.06.034;2022
CSIC-Elsevier;Consejo Superior de Investigaciones Cientificas (CSIC);TRUE;http://dx.doi.org/10.1016/j.envexpbot.2022.104981;2022
CSIC-Elsevier;Consejo Superior de Investigaciones Cientificas (CSIC);TRUE;http://dx.doi.org/10.1016/j.pbi.2022.102268;2022
CSIC-Elsevier;Consejo Superior de Investigaciones Cientificas (CSIC);TRUE;http://dx.doi.org/10.1016/j.snb.2022.132304;2022
CSIC-Elsevier;Consejo Superior de Investigaciones Cientificas (CSIC);TRUE;http://dx.doi.org/10.1016/j.envpol.2022.119707;2022
CSIC-Elsevier;Consejo Superior de Investigaciones Cientificas (CSIC);TRUE;http://dx.doi.org/10.1016/j.ibiod.2022.105459;2022
CSIC-Elsevier;Consejo Superior de Investigaciones Cientificas (CSIC);TRUE;http://dx.doi.org/10.1016/j.ceramint.2022.06.242;2022
CSIC-Elsevier;Consejo Superior de Investigaciones Cientificas (CSIC);TRUE;http://dx.doi.org/10.1016/j.flora.2022.152106;2022
CSIC-Elsevier;Consejo Superior de Investigaciones Cientificas (CSIC);TRUE;http://dx.doi.org/10.1016/j.jhydrol.2022.128128;2022
CSIC-Elsevier;Consejo Superior de Investigaciones Cientificas (CSIC);TRUE;http://dx.doi.org/10.1016/j.artint.2022.103756;2022
CSIC-Elsevier;Consejo Superior de Investigaciones Cientificas (CSIC);TRUE;http://dx.doi.org/10.1016/j.foreco.2022.120405;2022
CSIC-Elsevier;Consejo Superior de Investigaciones Cientificas (CSIC);TRUE;http://dx.doi.org/10.1016/j.jsg.2022.104662;2022
CSIC-Elsevier;Consejo Superior de Investigaciones Cientificas (CSIC);TRUE;http://dx.doi.org/10.1016/j.ecss.2022.107966;2022
CSIC-Elsevier;Consejo Superior de Investigaciones Cientificas (CSIC);TRUE;http://dx.doi.org/10.1016/j.ijbiomac.2022.05.115;2022
CSIC-Elsevier;Consejo Superior de Investigaciones Cientificas (CSIC);TRUE;http://dx.doi.org/10.1016/j.chemosphere.2022.135347;2022
CSIC-Elsevier;Consejo Superior de Investigaciones Cientificas (CSIC);TRUE;http://dx.doi.org/10.1016/j.envpol.2022.119670;2022
CSIC-Elsevier;Consejo Superior de Investigaciones Cientificas (CSIC);TRUE;http://dx.doi.org/10.1016/j.cnsns.2022.106708;2022
CSIC-Elsevier;Consejo Superior de Investigaciones Cientificas (CSIC);TRUE;http://dx.doi.org/10.1016/j.scitotenv.2022.157192;2022
CSIC-Elsevier;Consejo Superior de Investigaciones Cientificas (CSIC);TRUE;http://dx.doi.org/10.1016/j.envpol.2022.119750;2022
CSIC-Elsevier;Consejo Superior de Investigaciones Cientificas (CSIC);TRUE;http://dx.doi.org/10.1016/j.jeurceramsoc.2022.07.009;2022
CSIC-Elsevier;Consejo Superior de Investigaciones Cientificas (CSIC);TRUE;http://dx.doi.org/10.1016/j.jece.2022.108261;2022
CSIC-Elsevier;Consejo Superior de Investigaciones Cientificas (CSIC);TRUE;http://dx.doi.org/10.1016/j.fishres.2022.106419;2022
CSIC-Elsevier;Consejo Superior de Investigaciones Cientificas (CSIC);TRUE;http://dx.doi.org/10.1016/j.plantsci.2022.111374;2022
CSIC-Elsevier;Consejo Superior de Investigaciones Cientificas (CSIC);TRUE;http://dx.doi.org/10.1016/j.ocecoaman.2022.106290;2022
CSIC-Elsevier;Consejo Superior de Investigaciones Cientificas (CSIC);TRUE;http://dx.doi.org/10.1016/j.foodhyd.2022.107958;2022
CSIC-Elsevier;Consejo Superior de Investigaciones Cientificas (CSIC);TRUE;http://dx.doi.org/10.1016/j.biocon.2022.109664;2022
CSIC-Elsevier;Consejo Superior de Investigaciones Cientificas (CSIC);TRUE;http://dx.doi.org/10.1016/j.mssp.2022.106972;2022
CSIC-Elsevier;Consejo Superior de Investigaciones Cientificas (CSIC);TRUE;http://dx.doi.org/10.1016/j.plaphy.2022.07.013;2022
CSIC-Elsevier;Consejo Superior de Investigaciones Cientificas (CSIC);TRUE;http://dx.doi.org/10.1016/j.jallcom.2022.166449;2022
CSIC-Elsevier;Consejo Superior de Investigaciones Cientificas (CSIC);TRUE;http://dx.doi.org/10.1016/j.jcis.2022.07.037;2022
CSIC-Elsevier;Consejo Superior de Investigaciones Cientificas (CSIC);TRUE;http://dx.doi.org/10.1016/j.neuroscience.2022.07.015;2022
CSIC-Elsevier;Consejo Superior de Investigaciones Cientificas (CSIC);TRUE;http://dx.doi.org/10.1016/j.biocontrol.2022.105003;2022
CSIC-Elsevier;Consejo Superior de Investigaciones Cientificas (CSIC);TRUE;http://dx.doi.org/10.1016/j.ceramint.2022.07.155;2022
CSIC-Elsevier;Consejo Superior de Investigaciones Cientificas (CSIC);TRUE;http://dx.doi.org/10.1016/j.jasrep.2022.103575;2022
CSIC-Elsevier;Consejo Superior de Investigaciones Cientificas (CSIC);TRUE;http://dx.doi.org/10.1016/j.catena.2022.106540;2022
CSIC-Elsevier;Consejo Superior de Investigaciones Cientificas (CSIC);TRUE;http://dx.doi.org/10.1016/j.agwat.2022.107843;2022
CSIC-Elsevier;Consejo Superior de Investigaciones Cientificas (CSIC);TRUE;http://dx.doi.org/10.1016/j.scienta.2022.111396;2022
CSIC-Elsevier;Consejo Superior de Investigaciones Cientificas (CSIC);TRUE;http://dx.doi.org/10.1016/j.precamres.2022.106790;2022
CSIC-Elsevier;Consejo Superior de Investigaciones Cientificas (CSIC);TRUE;http://dx.doi.org/10.1016/j.scitotenv.2022.157647;2022
CSIC-Elsevier;Consejo Superior de Investigaciones Cientificas (CSIC);TRUE;http://dx.doi.org/10.1016/j.mcat.2022.112556;2022
CSIC-Elsevier;Consejo Superior de Investigaciones Cientificas (CSIC);TRUE;http://dx.doi.org/10.1016/j.microc.2022.107811;2022
CSIC-Elsevier;Consejo Superior de Investigaciones Cientificas (CSIC);TRUE;http://dx.doi.org/10.1016/j.eurpolymj.2022.111444;2022
CSIC-Elsevier;Consejo Superior de Investigaciones Cientificas (CSIC);TRUE;http://dx.doi.org/10.1016/j.aquaculture.2022.738666;2022
CSIC-Elsevier;Consejo Superior de Investigaciones Cientificas (CSIC);TRUE;http://dx.doi.org/10.1016/j.biotechadv.2022.108016;2022
CSIC-Elsevier;Consejo Superior de Investigaciones Cientificas (CSIC);TRUE;http://dx.doi.org/10.1016/j.apcata.2022.118804;2022
CSIC-Elsevier;Consejo Superior de Investigaciones Cientificas (CSIC);TRUE;http://dx.doi.org/10.1016/j.mam.2022.101109;2022
CSIC-Elsevier;Consejo Superior de Investigaciones Cientificas (CSIC);TRUE;http://dx.doi.org/10.1016/j.cej.2022.138450;2022
CSIC-Elsevier;Consejo Superior de Investigaciones Cientificas (CSIC);TRUE;http://dx.doi.org/10.1016/j.scitotenv.2022.157770;2022
CSIC-Elsevier;Consejo Superior de Investigaciones Cientificas (CSIC);TRUE;http://dx.doi.org/10.1016/j.chemosphere.2022.135907;2022
CSIC-Elsevier;Consejo Superior de Investigaciones Cientificas (CSIC);TRUE;http://dx.doi.org/10.1016/j.scienta.2022.111406;2022
CSIC-Elsevier;Consejo Superior de Investigaciones Cientificas (CSIC);TRUE;http://dx.doi.org/10.1016/j.bmcl.2022.128926;2022
CSIC-Elsevier;Consejo Superior de Investigaciones Cientificas (CSIC);TRUE;http://dx.doi.org/10.1016/j.culher.2022.08.001;2022
CSIC-Elsevier;Consejo Superior de Investigaciones Cientificas (CSIC);TRUE;http://dx.doi.org/10.1016/j.ecolecon.2022.107570;2022
CSIC-Elsevier;Consejo Superior de Investigaciones Cientificas (CSIC);TRUE;http://dx.doi.org/10.1016/j.foodhyd.2022.108007;2022
CSIC-Elsevier;Consejo Superior de Investigaciones Cientificas (CSIC);TRUE;http://dx.doi.org/10.1016/j.yexcr.2022.113299;2022
CSIC-Elsevier;Consejo Superior de Investigaciones Cientificas (CSIC);TRUE;http://dx.doi.org/10.1016/j.envres.2022.114034;2022
CSIC-Elsevier;Consejo Superior de Investigaciones Cientificas (CSIC);TRUE;http://dx.doi.org/10.1016/j.scitotenv.2022.157867;2022
CSIC-Elsevier;Consejo Superior de Investigaciones Cientificas (CSIC);TRUE;http://dx.doi.org/10.1016/j.chemgeo.2022.121039;2022
CSIC-Elsevier;Consejo Superior de Investigaciones Cientificas (CSIC);TRUE;http://dx.doi.org/10.1016/j.cattod.2022.08.004;2022
CSIC-Elsevier;Consejo Superior de Investigaciones Cientificas (CSIC);TRUE;http://dx.doi.org/10.1016/j.ympev.2022.107609;2022
CSIC-Elsevier;Consejo Superior de Investigaciones Cientificas (CSIC);TRUE;http://dx.doi.org/10.1016/j.solener.2022.07.040;2022
CSIC-Elsevier;Consejo Superior de Investigaciones Cientificas (CSIC);TRUE;http://dx.doi.org/10.1016/j.jssc.2022.123476;2022
CSIC-Elsevier;Consejo Superior de Investigaciones Cientificas (CSIC);TRUE;http://dx.doi.org/10.1016/j.chemosphere.2022.136021;2022
CSIC-Elsevier;Consejo Superior de Investigaciones Cientificas (CSIC);TRUE;http://dx.doi.org/10.1016/j.jcs.2022.103540;2022
CSIC-Elsevier;Consejo Superior de Investigaciones Cientificas (CSIC);TRUE;http://dx.doi.org/10.1016/j.aca.2022.340254;2022
CSIC-Elsevier;Consejo Superior de Investigaciones Cientificas (CSIC);TRUE;http://dx.doi.org/10.1016/j.foodchem.2022.133942;2022
CSIC-Elsevier;Consejo Superior de Investigaciones Cientificas (CSIC);TRUE;http://dx.doi.org/10.1016/j.addma.2022.103083;2022
CSIC-Elsevier;Consejo Superior de Investigaciones Cientificas (CSIC);TRUE;http://dx.doi.org/10.1016/j.agee.2022.108124;2022
CSIC-Elsevier;Consejo Superior de Investigaciones Cientificas (CSIC);TRUE;http://dx.doi.org/10.1016/j.jaap.2022.105654;2022
CSIC-Elsevier;Consejo Superior de Investigaciones Cientificas (CSIC);TRUE;http://dx.doi.org/10.1016/j.ejmech.2022.114675;2022
CSIC-Elsevier;Consejo Superior de Investigaciones Cientificas (CSIC);TRUE;http://dx.doi.org/10.1016/j.foodqual.2022.104706;2022
CSIC-Elsevier;Consejo Superior de Investigaciones Cientificas (CSIC);TRUE;http://dx.doi.org/10.1016/j.vibspec.2022.103423;2022
CSIC-Elsevier;Consejo Superior de Investigaciones Cientificas (CSIC);TRUE;http://dx.doi.org/10.1016/j.chemosphere.2022.136071;2022
CSIC-Elsevier;Consejo Superior de Investigaciones Cientificas (CSIC);TRUE;http://dx.doi.org/10.1016/j.biocon.2022.109704;2022
CSIC-Elsevier;Consejo Superior de Investigaciones Cientificas (CSIC);TRUE;http://dx.doi.org/10.1016/j.polymer.2022.125232;2022
CSIC-Elsevier;Consejo Superior de Investigaciones Cientificas (CSIC);TRUE;http://dx.doi.org/10.1016/j.apmt.2022.101621;2022
CSIC-Elsevier;Consejo Superior de Investigaciones Cientificas (CSIC);TRUE;http://dx.doi.org/10.1016/j.jclepro.2022.133671;2022
CSIC-Elsevier;Consejo Superior de Investigaciones Cientificas (CSIC);TRUE;http://dx.doi.org/10.1016/j.jpowsour.2022.231988;2022
CSIC-Elsevier;Consejo Superior de Investigaciones Cientificas (CSIC);TRUE;http://dx.doi.org/10.1016/j.rser.2022.112851;2022
CSIC-Elsevier;Consejo Superior de Investigaciones Cientificas (CSIC);TRUE;http://dx.doi.org/10.1016/j.molliq.2022.120109;2022
CSIC-Elsevier;Consejo Superior de Investigaciones Cientificas (CSIC);TRUE;http://dx.doi.org/10.1016/j.foodres.2022.111820;2022
CSIC-Elsevier;Consejo Superior de Investigaciones Cientificas (CSIC);TRUE;http://dx.doi.org/10.1016/j.bmc.2022.116946;2022
CSIC-Elsevier;Consejo Superior de Investigaciones Cientificas (CSIC);TRUE;http://dx.doi.org/10.1016/j.renene.2022.08.033;2022
CSIC-Elsevier;Consejo Superior de Investigaciones Cientificas (CSIC);TRUE;http://dx.doi.org/10.1016/j.ecss.2022.108038;2022
CSIC-Elsevier;Consejo Superior de Investigaciones Cientificas (CSIC);TRUE;http://dx.doi.org/10.1016/j.envres.2022.114186;2022
CSIC-Elsevier;Consejo Superior de Investigaciones Cientificas (CSIC);TRUE;http://dx.doi.org/10.1016/j.aeue.2022.154389;2022
CSIC-Elsevier;Consejo Superior de Investigaciones Cientificas (CSIC);TRUE;http://dx.doi.org/10.1016/j.jebo.2022.08.022;2022
CSIC-Elsevier;Consejo Superior de Investigaciones Cientificas (CSIC);TRUE;http://dx.doi.org/10.1016/j.jcis.2022.08.130;2022
CSIC-Elsevier;Consejo Superior de Investigaciones Cientificas (CSIC);TRUE;http://dx.doi.org/10.1016/j.addma.2022.103108;2022
CSIC-Elsevier;Consejo Superior de Investigaciones Cientificas (CSIC);TRUE;http://dx.doi.org/10.1016/j.geomorph.2022.108427;2022
CSIC-Elsevier;Consejo Superior de Investigaciones Cientificas (CSIC);TRUE;http://dx.doi.org/10.1016/j.polymer.2022.125256;2022
CSIC-Elsevier;Consejo Superior de Investigaciones Cientificas (CSIC);TRUE;http://dx.doi.org/10.1016/j.theriogenology.2022.08.030;2022
CSIC-Elsevier;Consejo Superior de Investigaciones Cientificas (CSIC);TRUE;http://dx.doi.org/10.1016/j.ijbiomac.2022.08.155;2022
CSIC-Elsevier;Consejo Superior de Investigaciones Cientificas (CSIC);TRUE;http://dx.doi.org/10.1016/j.joep.2022.102555;2022
CSIC-Elsevier;Consejo Superior de Investigaciones Cientificas (CSIC);TRUE;http://dx.doi.org/10.1016/j.postharvbio.2022.112088;2022
CSIC-Elsevier;Consejo Superior de Investigaciones Cientificas (CSIC);TRUE;http://dx.doi.org/10.1016/j.jpcs.2022.110980;2022
CSIC-Elsevier;Consejo Superior de Investigaciones Cientificas (CSIC);TRUE;http://dx.doi.org/10.1016/j.copbio.2022.102802;2022
CSIC-Elsevier;Consejo Superior de Investigaciones Cientificas (CSIC);TRUE;http://dx.doi.org/10.1016/j.fishres.2022.106483;2022
CSIC-Elsevier;Consejo Superior de Investigaciones Cientificas (CSIC);TRUE;http://dx.doi.org/10.1016/j.foodres.2022.111792;2022
CSIC-Elsevier;Consejo Superior de Investigaciones Cientificas (CSIC);TRUE;http://dx.doi.org/10.1016/j.jssc.2022.123525;2022
CSIC-Elsevier;Consejo Superior de Investigaciones Cientificas (CSIC);TRUE;http://dx.doi.org/10.1016/j.anifeedsci.2022.115426;2022
CSIC-Elsevier;Consejo Superior de Investigaciones Cientificas (CSIC);TRUE;http://dx.doi.org/10.1016/j.foodchem.2022.134099;2022
CSIC-Elsevier;Consejo Superior de Investigaciones Cientificas (CSIC);TRUE;http://dx.doi.org/10.1016/j.ecss.2022.108041;2022
CSIC-Elsevier;Consejo Superior de Investigaciones Cientificas (CSIC);TRUE;http://dx.doi.org/10.1016/j.algal.2022.102830;2022
CSIC-Elsevier;Consejo Superior de Investigaciones Cientificas (CSIC);TRUE;http://dx.doi.org/10.1016/j.scp.2022.100823;2022
CSIC-Elsevier;Consejo Superior de Investigaciones Cientificas (CSIC);TRUE;http://dx.doi.org/10.1016/j.jeurceramsoc.2022.08.062;2022
CSIC-Elsevier;Consejo Superior de Investigaciones Cientificas (CSIC);TRUE;http://dx.doi.org/10.1016/j.corsci.2022.110635;2022
CSIC-Elsevier;Consejo Superior de Investigaciones Cientificas (CSIC);TRUE;http://dx.doi.org/10.1016/j.enconman.2022.116201;2022
CSIC-Elsevier;Consejo Superior de Investigaciones Cientificas (CSIC);TRUE;http://dx.doi.org/10.1016/j.scitotenv.2022.158633;2022
CSIC-Elsevier;Consejo Superior de Investigaciones Cientificas (CSIC);TRUE;http://dx.doi.org/10.1016/j.envres.2022.114237;2022
CSIC-Elsevier;Consejo Superior de Investigaciones Cientificas (CSIC);TRUE;http://dx.doi.org/10.1016/j.porgcoat.2022.107165;2022
CSIC-Elsevier;Consejo Superior de Investigaciones Cientificas (CSIC);TRUE;http://dx.doi.org/10.1016/j.soilbio.2022.108826;2022
CSIC-Elsevier;Consejo Superior de Investigaciones Cientificas (CSIC);TRUE;http://dx.doi.org/10.1016/j.foodchem.2022.134169;2022
CSIC-Elsevier;Consejo Superior de Investigaciones Cientificas (CSIC);TRUE;http://dx.doi.org/10.1016/j.addr.2022.114531;2022
CSIC-Elsevier;Consejo Superior de Investigaciones Cientificas (CSIC);TRUE;http://dx.doi.org/10.1016/j.jvolgeores.2022.107669;2022
CSIC-Elsevier;Consejo Superior de Investigaciones Cientificas (CSIC);TRUE;http://dx.doi.org/10.1016/j.aquabot.2022.103569;2022
CSIC-Elsevier;Consejo Superior de Investigaciones Cientificas (CSIC);TRUE;http://dx.doi.org/10.1016/j.agsy.2022.103513;2022
CSIC-Elsevier;Consejo Superior de Investigaciones Cientificas (CSIC);TRUE;http://dx.doi.org/10.1016/j.jchromb.2022.123457;2022
CSIC-Elsevier;Consejo Superior de Investigaciones Cientificas (CSIC);TRUE;http://dx.doi.org/10.1016/j.scitotenv.2022.158683;2022
CSIC-Elsevier;Consejo Superior de Investigaciones Cientificas (CSIC);TRUE;http://dx.doi.org/10.1016/j.foodchem.2022.134207;2022
CSIC-Elsevier;Consejo Superior de Investigaciones Cientificas (CSIC);TRUE;http://dx.doi.org/10.1016/j.foodhyd.2022.108119;2022
CSIC-Elsevier;Consejo Superior de Investigaciones Cientificas (CSIC);TRUE;http://dx.doi.org/10.1016/j.dark.2022.101114;2022
CSIC-Elsevier;Consejo Superior de Investigaciones Cientificas (CSIC);TRUE;http://dx.doi.org/10.1016/j.jssc.2022.123571;2022
CSIC-Elsevier;Consejo Superior de Investigaciones Cientificas (CSIC);TRUE;http://dx.doi.org/10.1016/j.cplett.2022.140051;2022
CSIC-Elsevier;Consejo Superior de Investigaciones Cientificas (CSIC);TRUE;http://dx.doi.org/10.1016/j.est.2022.105584;2022
CSIC-Elsevier;Consejo Superior de Investigaciones Cientificas (CSIC);TRUE;http://dx.doi.org/10.1016/j.envpol.2022.120149;2022
CSIC-Elsevier;Consejo Superior de Investigaciones Cientificas (CSIC);TRUE;http://dx.doi.org/10.1016/j.envpol.2022.120168;2022
CSIC-Elsevier;Consejo Superior de Investigaciones Cientificas (CSIC);TRUE;http://dx.doi.org/10.1016/j.addr.2022.114532;2022
CSIC-Elsevier;Consejo Superior de Investigaciones Cientificas (CSIC);TRUE;http://dx.doi.org/10.1016/j.foreco.2022.120541;2022
CSIC-Elsevier;Consejo Superior de Investigaciones Cientificas (CSIC);TRUE;http://dx.doi.org/10.1016/j.foodcont.2022.109384;2022
CSIC-Elsevier;Consejo Superior de Investigaciones Cientificas (CSIC);TRUE;http://dx.doi.org/10.1016/j.fsi.2022.09.036;2022
CSIC-Elsevier;Consejo Superior de Investigaciones Cientificas (CSIC);TRUE;http://dx.doi.org/10.1016/j.coche.2022.100833;2022
CSIC-Elsevier;Consejo Superior de Investigaciones Cientificas (CSIC);TRUE;http://dx.doi.org/10.1016/j.bbcan.2022.188802;2022
CSIC-Elsevier;Consejo Superior de Investigaciones Cientificas (CSIC);TRUE;http://dx.doi.org/10.1016/j.electacta.2022.141225;2022
CSIC-Elsevier;Consejo Superior de Investigaciones Cientificas (CSIC);TRUE;http://dx.doi.org/10.1016/j.ecss.2022.108078;2022
CSIC-Elsevier;Consejo Superior de Investigaciones Cientificas (CSIC);TRUE;http://dx.doi.org/10.1016/j.actao.2022.103866;2022
CSIC-Elsevier;Consejo Superior de Investigaciones Cientificas (CSIC);TRUE;http://dx.doi.org/10.1016/j.jenvman.2022.116321;2022
CSIC-Elsevier;Consejo Superior de Investigaciones Cientificas (CSIC);TRUE;http://dx.doi.org/10.1016/j.foodhyd.2022.108174;2022
CSIC-Elsevier;Consejo Superior de Investigaciones Cientificas (CSIC);TRUE;http://dx.doi.org/10.1016/j.desal.2022.116128;2022
CSIC-Elsevier;Consejo Superior de Investigaciones Cientificas (CSIC);TRUE;http://dx.doi.org/10.1016/j.apsusc.2022.154991;2022
CSIC-Elsevier;Consejo Superior de Investigaciones Cientificas (CSIC);TRUE;http://dx.doi.org/10.1016/j.jtherbio.2022.103342;2022
CSIC-Elsevier;Consejo Superior de Investigaciones Cientificas (CSIC);TRUE;http://dx.doi.org/10.1016/j.jeurceramsoc.2022.09.042;2022
CSIC-Elsevier;Consejo Superior de Investigaciones Cientificas (CSIC);TRUE;http://dx.doi.org/10.1016/j.envpol.2022.120274;2022
CSIC-Elsevier;Consejo Superior de Investigaciones Cientificas (CSIC);TRUE;http://dx.doi.org/10.1016/j.marenvres.2022.105759;2022
CSIC-Elsevier;Consejo Superior de Investigaciones Cientificas (CSIC);TRUE;http://dx.doi.org/10.1016/j.biotechadv.2022.108045;2022
CSIC-Elsevier;Consejo Superior de Investigaciones Cientificas (CSIC);TRUE;http://dx.doi.org/10.1016/j.cam.2022.114873;2022
CSIC-Elsevier;Consejo Superior de Investigaciones Cientificas (CSIC);TRUE;http://dx.doi.org/10.1016/j.marenvres.2022.105560;2022
CSIC-Elsevier;Consejo Superior de Investigaciones Cientificas (CSIC);TRUE;http://dx.doi.org/10.1016/j.aquaculture.2022.738869;2022
CSIC-Elsevier;Consejo Superior de Investigaciones Cientificas (CSIC);TRUE;http://dx.doi.org/10.1016/j.quascirev.2022.107803;2022
CSIC-Elsevier;Consejo Superior de Investigaciones Cientificas (CSIC);TRUE;http://dx.doi.org/10.1016/j.jasrep.2022.103653;2022
CSIC-Elsevier;Consejo Superior de Investigaciones Cientificas (CSIC);TRUE;http://dx.doi.org/10.1016/j.carbpol.2022.120175;2022
CSIC-Elsevier;Consejo Superior de Investigaciones Cientificas (CSIC);TRUE;http://dx.doi.org/10.1016/j.jaerosci.2022.106089;2022
CSIC-Elsevier;Consejo Superior de Investigaciones Cientificas (CSIC);TRUE;http://dx.doi.org/10.1016/j.chemosphere.2022.136636;2022
CSIC-Elsevier;Consejo Superior de Investigaciones Cientificas (CSIC);TRUE;http://dx.doi.org/10.1016/j.foodcont.2022.109417;2022
CSIC-Elsevier;Consejo Superior de Investigaciones Cientificas (CSIC);TRUE;http://dx.doi.org/10.1016/j.optlastec.2022.108742;2022
CSIC-Elsevier;Consejo Superior de Investigaciones Cientificas (CSIC);TRUE;http://dx.doi.org/10.1016/j.scitotenv.2022.159189;2022
CSIC-Elsevier;Consejo Superior de Investigaciones Cientificas (CSIC);TRUE;http://dx.doi.org/10.1016/j.ceramint.2022.09.343;2022
CSIC-Elsevier;Consejo Superior de Investigaciones Cientificas (CSIC);TRUE;http://dx.doi.org/10.1016/j.procbio.2022.10.002;2022
CSIC-Elsevier;Consejo Superior de Investigaciones Cientificas (CSIC);TRUE;http://dx.doi.org/10.1016/j.plipres.2022.101157;2022
CSIC-Elsevier;Consejo Superior de Investigaciones Cientificas (CSIC);TRUE;http://dx.doi.org/10.1016/j.scitotenv.2022.154602;2022
CSIC-Elsevier;Consejo Superior de Investigaciones Cientificas (CSIC);TRUE;http://dx.doi.org/10.1016/j.palaeo.2022.111088;2022
CSIC-Elsevier;Consejo Superior de Investigaciones Cientificas (CSIC);TRUE;http://dx.doi.org/10.1016/j.envpol.2022.119749;2022
CSIC-Elsevier;Consejo Superior de Investigaciones Cientificas (CSIC);TRUE;http://dx.doi.org/10.1016/j.catena.2022.106522;2022
CSIC-Elsevier;Consejo Superior de Investigaciones Cientificas (CSIC);TRUE;http://dx.doi.org/10.1016/j.fm.2022.104155;2022
CSIC-Elsevier;Consejo Superior de Investigaciones Cientificas (CSIC);TRUE;http://dx.doi.org/10.1016/j.dendro.2022.126013;2022
CSIC-Elsevier;Consejo Superior de Investigaciones Cientificas (CSIC);TRUE;http://dx.doi.org/10.1016/j.micromeso.2022.111825;2022
CSIC-Elsevier;Consejo Superior de Investigaciones Cientificas (CSIC);TRUE;http://dx.doi.org/10.1016/j.cemconres.2022.106781;2022
CSIC-Elsevier;Consejo Superior de Investigaciones Cientificas (CSIC);TRUE;http://dx.doi.org/10.1016/j.aquaculture.2022.738308;2022
CSIC-Elsevier;Consejo Superior de Investigaciones Cientificas (CSIC);TRUE;http://dx.doi.org/10.1016/j.microc.2022.107656;2022
CSIC-Elsevier;Consejo Superior de Investigaciones Cientificas (CSIC);TRUE;http://dx.doi.org/10.1016/j.foodchem.2022.134554;2022
CSIC-Elsevier;Consejo Superior de Investigaciones Cientificas (CSIC);TRUE;http://dx.doi.org/10.1016/j.fuel.2022.126266;2022
CSIC-Elsevier;Consejo Superior de Investigaciones Cientificas (CSIC);TRUE;http://dx.doi.org/10.1016/j.jelechem.2022.116887;2022
CSIC-Elsevier;Consejo Superior de Investigaciones Cientificas (CSIC);TRUE;http://dx.doi.org/10.1016/j.quascirev.2022.107459;2022
CSIC-Elsevier;Consejo Superior de Investigaciones Cientificas (CSIC);TRUE;http://dx.doi.org/10.1016/j.envexpbot.2022.105086;2022
CSIC-Elsevier;Consejo Superior de Investigaciones Cientificas (CSIC);TRUE;http://dx.doi.org/10.1016/j.marenvres.2022.105765;2022
CSIC-Elsevier;Consejo Superior de Investigaciones Cientificas (CSIC);TRUE;http://dx.doi.org/10.1016/j.scitotenv.2022.159288;2022
CSIC-Elsevier;Consejo Superior de Investigaciones Cientificas (CSIC);TRUE;http://dx.doi.org/10.1016/j.apsusc.2022.155218;2022
CSIC-Elsevier;Consejo Superior de Investigaciones Cientificas (CSIC);TRUE;http://dx.doi.org/10.1016/j.apcatb.2022.122064;2022
CSIC-Elsevier;Consejo Superior de Investigaciones Cientificas (CSIC);TRUE;http://dx.doi.org/10.1016/j.jallcom.2022.167534;2022
CSIC-Elsevier;Consejo Superior de Investigaciones Cientificas (CSIC);TRUE;http://dx.doi.org/10.1016/j.jece.2022.108759;2022
CSIC-Elsevier;Consejo Superior de Investigaciones Cientificas (CSIC);TRUE;http://dx.doi.org/10.1016/j.engstruct.2022.115085;2022
CSIC-Elsevier;Consejo Superior de Investigaciones Cientificas (CSIC);TRUE;http://dx.doi.org/10.1016/j.ijbiomac.2022.10.030;2022
CSIC-Elsevier;Consejo Superior de Investigaciones Cientificas (CSIC);TRUE;http://dx.doi.org/10.1016/j.scitotenv.2022.159386;2022
CSIC-Elsevier;Consejo Superior de Investigaciones Cientificas (CSIC);TRUE;http://dx.doi.org/10.1016/j.etap.2022.103822;2022
CSIC-Elsevier;Consejo Superior de Investigaciones Cientificas (CSIC);TRUE;http://dx.doi.org/10.1016/j.envpol.2022.120385;2022
CSIC-Elsevier;Consejo Superior de Investigaciones Cientificas (CSIC);TRUE;http://dx.doi.org/10.1016/j.aquaculture.2022.738918;2022
CSIC-Elsevier;Consejo Superior de Investigaciones Cientificas (CSIC);TRUE;http://dx.doi.org/10.1016/j.scitotenv.2022.159409;2022
CSIC-Elsevier;Consejo Superior de Investigaciones Cientificas (CSIC);TRUE;http://dx.doi.org/10.1016/j.aquatox.2022.106196;2022
CSIC-Elsevier;Consejo Superior de Investigaciones Cientificas (CSIC);TRUE;http://dx.doi.org/10.1016/j.ecss.2022.107910;2022
CSIC-Elsevier;Consejo Superior de Investigaciones Cientificas (CSIC);TRUE;http://dx.doi.org/10.1016/j.ecss.2022.107945;2022
CSIC-Elsevier;Consejo Superior de Investigaciones Cientificas (CSIC);TRUE;http://dx.doi.org/10.1016/j.envres.2022.114467;2022
CSIC-Elsevier;Consejo Superior de Investigaciones Cientificas (CSIC);TRUE;http://dx.doi.org/10.1016/j.carbon.2022.10.036;2022
CSIC-Elsevier;Consejo Superior de Investigaciones Cientificas (CSIC);TRUE;http://dx.doi.org/10.1016/j.sedgeo.2022.106082;2022
CSIC-Elsevier;Consejo Superior de Investigaciones Cientificas (CSIC);TRUE;http://dx.doi.org/10.1016/j.ecss.2022.107747;2022
CSIC-Elsevier;Consejo Superior de Investigaciones Cientificas (CSIC);TRUE;http://dx.doi.org/10.1016/j.forpol.2022.102754;2022
CSIC-Elsevier;Consejo Superior de Investigaciones Cientificas (CSIC);TRUE;http://dx.doi.org/10.1016/j.worlddev.2022.105951;2022
CSIC-Elsevier;Consejo Superior de Investigaciones Cientificas (CSIC);TRUE;http://dx.doi.org/10.1016/j.scitotenv.2022.156695;2022
CSIC-Elsevier;Consejo Superior de Investigaciones Cientificas (CSIC);TRUE;http://dx.doi.org/10.1016/j.envres.2022.114560;2022
CSIC-Elsevier;Consejo Superior de Investigaciones Cientificas (CSIC);TRUE;http://dx.doi.org/10.1016/j.geb.2022.10.006;2022
CSIC-Elsevier;Consejo Superior de Investigaciones Cientificas (CSIC);TRUE;http://dx.doi.org/10.1016/j.chemosphere.2022.136894;2022
CSIC-Elsevier;Consejo Superior de Investigaciones Cientificas (CSIC);TRUE;http://dx.doi.org/10.1016/j.jhazmat.2022.128217;2022
CSIC-Elsevier;Consejo Superior de Investigaciones Cientificas (CSIC);TRUE;http://dx.doi.org/10.1016/j.ijhydene.2022.10.149;2022
CSIC-Elsevier;Consejo Superior de Investigaciones Cientificas (CSIC);TRUE;http://dx.doi.org/10.1016/j.agrformet.2022.109223;2022
CSIC-Elsevier;Consejo Superior de Investigaciones Cientificas (CSIC);TRUE;http://dx.doi.org/10.1016/j.apmt.2022.101661;2022
CSIC-Elsevier;Consejo Superior de Investigaciones Cientificas (CSIC);TRUE;http://dx.doi.org/10.1016/j.rsma.2022.102709;2022
CSIC-Elsevier;Consejo Superior de Investigaciones Cientificas (CSIC);TRUE;http://dx.doi.org/10.1016/j.fuel.2022.126428;2022
CSIC-Elsevier;Consejo Superior de Investigaciones Cientificas (CSIC);TRUE;http://dx.doi.org/10.1016/j.renene.2022.10.096;2022
CSIC-Elsevier;Consejo Superior de Investigaciones Cientificas (CSIC);TRUE;http://dx.doi.org/10.1016/j.foodchem.2022.134724;2022
CSIC-Elsevier;Consejo Superior de Investigaciones Cientificas (CSIC);TRUE;http://dx.doi.org/10.1016/j.metabol.2022.155335;2022
CSIC-Elsevier;Consejo Superior de Investigaciones Cientificas (CSIC);TRUE;http://dx.doi.org/10.1016/j.envpol.2022.120504;2022
CSIC-Elsevier;Consejo Superior de Investigaciones Cientificas (CSIC);TRUE;http://dx.doi.org/10.1016/j.jhydrol.2022.128625;2022
CSIC-Elsevier;Consejo Superior de Investigaciones Cientificas (CSIC);TRUE;http://dx.doi.org/10.1016/j.jcou.2022.102298;2022
CSIC-Elsevier;Consejo Superior de Investigaciones Cientificas (CSIC);TRUE;http://dx.doi.org/10.1016/j.actatropica.2022.106724;2022
CSIC-Elsevier;Consejo Superior de Investigaciones Cientificas (CSIC);TRUE;http://dx.doi.org/10.1016/j.scitotenv.2022.159722;2022
CSIC-Elsevier;Consejo Superior de Investigaciones Cientificas (CSIC);TRUE;http://dx.doi.org/10.1016/j.polymer.2022.125441;2022
CSIC-Elsevier;Consejo Superior de Investigaciones Cientificas (CSIC);TRUE;http://dx.doi.org/10.1016/j.jsb.2022.107915;2022
CSIC-Elsevier;Consejo Superior de Investigaciones Cientificas (CSIC);TRUE;http://dx.doi.org/10.1016/j.physrep.2022.06.002;2022
CSIC-Elsevier;Consejo Superior de Investigaciones Cientificas (CSIC);TRUE;http://dx.doi.org/10.1016/j.jhydrol.2022.128584;2022
CSIC-Elsevier;Consejo Superior de Investigaciones Cientificas (CSIC);TRUE;http://dx.doi.org/10.1016/j.addr.2022.114584;2022
CSIC-Elsevier;Consejo Superior de Investigaciones Cientificas (CSIC);TRUE;http://dx.doi.org/10.1016/j.mcat.2022.112785;2022
CSIC-Elsevier;Consejo Superior de Investigaciones Cientificas (CSIC);TRUE;http://dx.doi.org/10.1016/j.electacta.2022.141459;2022
CSIC-Elsevier;Consejo Superior de Investigaciones Cientificas (CSIC);TRUE;http://dx.doi.org/10.1016/j.ejmech.2022.114878;2022
CSIC-Elsevier;Consejo Superior de Investigaciones Cientificas (CSIC);TRUE;http://dx.doi.org/10.1016/j.apsusc.2022.155550;2022
CSIC-Elsevier;Consejo Superior de Investigaciones Cientificas (CSIC);TRUE;http://dx.doi.org/10.1016/j.talanta.2022.124061;2022
CSIC-Elsevier;Consejo Superior de Investigaciones Cientificas (CSIC);TRUE;http://dx.doi.org/10.1016/j.bios.2022.114868;2022
CSIC-Elsevier;Consejo Superior de Investigaciones Cientificas (CSIC);TRUE;http://dx.doi.org/10.1016/j.antiviral.2022.105458;2022
CSIC-Elsevier;Consejo Superior de Investigaciones Cientificas (CSIC);TRUE;http://dx.doi.org/10.1016/j.electacta.2022.141460;2022
CSIC-Elsevier;Consejo Superior de Investigaciones Cientificas (CSIC);TRUE;http://dx.doi.org/10.1016/j.molliq.2022.120728;2022
CSIC-Elsevier;Consejo Superior de Investigaciones Cientificas (CSIC);TRUE;http://dx.doi.org/10.1016/j.dendro.2022.126027;2022
CSIC-Elsevier;Consejo Superior de Investigaciones Cientificas (CSIC);TRUE;http://dx.doi.org/10.1016/j.rsase.2022.100855;2022
CSIC-Elsevier;Consejo Superior de Investigaciones Cientificas (CSIC);TRUE;http://dx.doi.org/10.1016/j.marenvres.2022.105792;2022
CSIC-Elsevier;Consejo Superior de Investigaciones Cientificas (CSIC);TRUE;http://dx.doi.org/10.1016/j.fuel.2022.126644;2022
CSIC-Elsevier;Consejo Superior de Investigaciones Cientificas (CSIC);TRUE;http://dx.doi.org/10.1016/j.neucom.2022.11.011;2022
CSIC-Elsevier;Consejo Superior de Investigaciones Cientificas (CSIC);TRUE;http://dx.doi.org/10.1016/j.foodchem.2022.134870;2022
CSIC-Elsevier;Consejo Superior de Investigaciones Cientificas (CSIC);TRUE;http://dx.doi.org/10.1016/j.agwat.2022.108028;2022
CSIC-Elsevier;Consejo Superior de Investigaciones Cientificas (CSIC);TRUE;http://dx.doi.org/10.1016/j.carbon.2022.10.085;2022
CSIC-Elsevier;Consejo Superior de Investigaciones Cientificas (CSIC);TRUE;http://dx.doi.org/10.1016/j.fm.2022.104185;2022
CSIC-Elsevier;Consejo Superior de Investigaciones Cientificas (CSIC);TRUE;http://dx.doi.org/10.1016/j.biocon.2022.109810;2022
CSIC-Elsevier;Consejo Superior de Investigaciones Cientificas (CSIC);TRUE;http://dx.doi.org/10.1016/j.ijbiomac.2022.11.043;2022
CSIC-Elsevier;Consejo Superior de Investigaciones Cientificas (CSIC);TRUE;http://dx.doi.org/10.1016/j.ces.2022.118291;2022
CSIC-Elsevier;Consejo Superior de Investigaciones Cientificas (CSIC);TRUE;http://dx.doi.org/10.1016/j.fishres.2022.106552;2022
CSIC-Elsevier;Consejo Superior de Investigaciones Cientificas (CSIC);TRUE;http://dx.doi.org/10.1016/j.chemosphere.2022.137205;2022
CSIC-Elsevier;Consejo Superior de Investigaciones Cientificas (CSIC);TRUE;http://dx.doi.org/10.1016/j.envres.2022.114768;2022
CSIC-Elsevier;Consejo Superior de Investigaciones Cientificas (CSIC);TRUE;http://dx.doi.org/10.1016/j.brainresbull.2022.10.018;2022
CSIC-Elsevier;Consejo Superior de Investigaciones Cientificas (CSIC);TRUE;http://dx.doi.org/10.1016/j.foodres.2022.112128;2022
CSIC-Elsevier;Consejo Superior de Investigaciones Cientificas (CSIC);TRUE;http://dx.doi.org/10.1016/j.marenvres.2022.105808;2022
CSIC-Elsevier;Consejo Superior de Investigaciones Cientificas (CSIC);TRUE;http://dx.doi.org/10.1016/j.mtcomm.2022.104914;2022
CSIC-Elsevier;Consejo Superior de Investigaciones Cientificas (CSIC);TRUE;http://dx.doi.org/10.1016/j.hal.2022.102352;2022
CSIC-Elsevier;Consejo Superior de Investigaciones Cientificas (CSIC);TRUE;http://dx.doi.org/10.1016/j.enpol.2022.113305;2022
CSIC-Elsevier;Consejo Superior de Investigaciones Cientificas (CSIC);TRUE;http://dx.doi.org/10.1016/j.asoc.2022.109832;2022
CSIC-Elsevier;Consejo Superior de Investigaciones Cientificas (CSIC);TRUE;http://dx.doi.org/10.1016/j.socec.2022.101952;2022
CSIC-Elsevier;Consejo Superior de Investigaciones Cientificas (CSIC);TRUE;http://dx.doi.org/10.1016/j.theriogenology.2022.11.021;2022
CSIC-Elsevier;Consejo Superior de Investigaciones Cientificas (CSIC);TRUE;http://dx.doi.org/10.1016/j.ecss.2022.107741;2022
CSIC-Elsevier;Consejo Superior de Investigaciones Cientificas (CSIC);TRUE;http://dx.doi.org/10.1016/j.scitotenv.2022.153128;2022
CSIC-Elsevier;Consejo Superior de Investigaciones Cientificas (CSIC);TRUE;http://dx.doi.org/10.1016/j.soilbio.2022.108571;2022
CSIC-Elsevier;Consejo Superior de Investigaciones Cientificas (CSIC);TRUE;http://dx.doi.org/10.1016/j.sedgeo.2022.106109;2022
CSIC-Elsevier;Consejo Superior de Investigaciones Cientificas (CSIC);TRUE;http://dx.doi.org/10.1016/j.jcis.2022.10.104;2022
CSIC-Elsevier;Consejo Superior de Investigaciones Cientificas (CSIC);TRUE;http://dx.doi.org/10.1016/j.marenvres.2022.105809;2022
CSIC-Elsevier;Consejo Superior de Investigaciones Cientificas (CSIC);TRUE;http://dx.doi.org/10.1016/j.ijbiomac.2022.11.120;2022
CSIC-Elsevier;Consejo Superior de Investigaciones Cientificas (CSIC);TRUE;http://dx.doi.org/10.1016/j.ceramint.2022.11.156;2022
CSIC-Elsevier;Consejo Superior de Investigaciones Cientificas (CSIC);TRUE;http://dx.doi.org/10.1016/j.electacta.2022.141538;2022
CSIC-Elsevier;Consejo Superior de Investigaciones Cientificas (CSIC);TRUE;http://dx.doi.org/10.1016/j.scienta.2022.111706;2022
CSIC-Elsevier;Consejo Superior de Investigaciones Cientificas (CSIC);TRUE;http://dx.doi.org/10.1016/j.envres.2022.114836;2022
CSIC-Elsevier;Consejo Superior de Investigaciones Cientificas (CSIC);TRUE;http://dx.doi.org/10.1016/j.foodres.2022.111100;2022
CSIC-Elsevier;Consejo Superior de Investigaciones Cientificas (CSIC);TRUE;http://dx.doi.org/10.1016/j.physa.2022.127612;2022
CSIC-Elsevier;Consejo Superior de Investigaciones Cientificas (CSIC);TRUE;http://dx.doi.org/10.1016/j.hal.2022.102320;2022
CSIC-Elsevier;Consejo Superior de Investigaciones Cientificas (CSIC);TRUE;http://dx.doi.org/10.1016/j.jenvman.2022.116783;2022
CSIC-Elsevier;Consejo Superior de Investigaciones Cientificas (CSIC);TRUE;http://dx.doi.org/10.1016/j.cej.2022.140484;2022
CSIC-Elsevier;Consejo Superior de Investigaciones Cientificas (CSIC);TRUE;http://dx.doi.org/10.1016/j.plantsci.2022.111539;2022
CSIC-Elsevier;Consejo Superior de Investigaciones Cientificas (CSIC);TRUE;http://dx.doi.org/10.1016/j.yhbeh.2022.105240;2022
CSIC-Elsevier;Consejo Superior de Investigaciones Cientificas (CSIC);TRUE;http://dx.doi.org/10.1016/j.chemgeo.2022.121222;2022
CSIC-Elsevier;Consejo Superior de Investigaciones Cientificas (CSIC);TRUE;http://dx.doi.org/10.1016/j.chemosphere.2022.137299;2022
CSIC-Elsevier;Consejo Superior de Investigaciones Cientificas (CSIC);TRUE;http://dx.doi.org/10.1016/j.foodres.2022.111240;2022
CSIC-Elsevier;Consejo Superior de Investigaciones Cientificas (CSIC);TRUE;http://dx.doi.org/10.1016/j.scienta.2022.111194;2022
CSIC-Elsevier;Consejo Superior de Investigaciones Cientificas (CSIC);TRUE;http://dx.doi.org/10.1016/j.ceramint.2022.11.146;2022
CSIC-Elsevier;Consejo Superior de Investigaciones Cientificas (CSIC);TRUE;http://dx.doi.org/10.1016/j.jnoncrysol.2022.122050;2022
CSIC-Elsevier;Consejo Superior de Investigaciones Cientificas (CSIC);TRUE;http://dx.doi.org/10.1016/j.plantsci.2022.111537;2022
CSIC-Elsevier;Consejo Superior de Investigaciones Cientificas (CSIC);TRUE;http://dx.doi.org/10.1016/j.watres.2022.119368;2022
CSIC-Elsevier;Consejo Superior de Investigaciones Cientificas (CSIC);TRUE;http://dx.doi.org/10.1016/j.foodres.2022.112222;2022
CSIC-Elsevier;Consejo Superior de Investigaciones Cientificas (CSIC);TRUE;http://dx.doi.org/10.1016/j.coal.2022.104154;2022
CSIC-Elsevier;Consejo Superior de Investigaciones Cientificas (CSIC);TRUE;http://dx.doi.org/10.1016/j.scitotenv.2022.160509;2022
CSIC-Elsevier;Consejo Superior de Investigaciones Cientificas (CSIC);TRUE;http://dx.doi.org/10.1016/j.jhazmat.2022.128764;2022
CSIC-Elsevier;Consejo Superior de Investigaciones Cientificas (CSIC);TRUE;http://dx.doi.org/10.1016/j.polymer.2022.125540;2022
CSIC-Elsevier;Consejo Superior de Investigaciones Cientificas (CSIC);TRUE;http://dx.doi.org/10.1016/j.ppees.2022.125704;2022
CSIC-Elsevier;Consejo Superior de Investigaciones Cientificas (CSIC);TRUE;http://dx.doi.org/10.1016/j.soilbio.2022.108774;2022
CSIC-Elsevier;Consejo Superior de Investigaciones Cientificas (CSIC);TRUE;http://dx.doi.org/10.1016/j.marpetgeo.2022.106031;2022
CSIC-Elsevier;Consejo Superior de Investigaciones Cientificas (CSIC);TRUE;http://dx.doi.org/10.1016/j.quaint.2022.11.006;2022
CSIC-Elsevier;Consejo Superior de Investigaciones Cientificas (CSIC);TRUE;http://dx.doi.org/10.1016/j.foodhyd.2022.108327;2022
CSIC-Elsevier;Consejo Superior de Investigaciones Cientificas (CSIC);TRUE;http://dx.doi.org/10.1016/j.scitotenv.2022.160451;2022
CSIC-Elsevier;Consejo Superior de Investigaciones Cientificas (CSIC);TRUE;http://dx.doi.org/10.1016/j.fbio.2022.102259;2022
CSIC-Elsevier;Consejo Superior de Investigaciones Cientificas (CSIC);TRUE;http://dx.doi.org/10.1016/j.jhazmat.2022.130511;2022
CSIC-Elsevier;Consejo Superior de Investigaciones Cientificas (CSIC);TRUE;http://dx.doi.org/10.1016/j.envres.2022.114966;2022
CSIC-Elsevier;Consejo Superior de Investigaciones Cientificas (CSIC);TRUE;http://dx.doi.org/10.1016/j.jprot.2022.104770;2022
CSIC-Elsevier;Consejo Superior de Investigaciones Cientificas (CSIC);TRUE;http://dx.doi.org/10.1016/j.cam.2022.114966;2022
CSIC-Elsevier;Consejo Superior de Investigaciones Cientificas (CSIC);TRUE;http://dx.doi.org/10.1016/j.ijar.2022.11.018;2022
CSIC-Elsevier;Consejo Superior de Investigaciones Cientificas (CSIC);TRUE;http://dx.doi.org/10.1016/j.scitotenv.2022.156000;2022
CSIC-Elsevier;Consejo Superior de Investigaciones Cientificas (CSIC);TRUE;http://dx.doi.org/10.1016/j.ijbiomac.2022.11.280;2022
CSIC-Elsevier;Consejo Superior de Investigaciones Cientificas (CSIC);TRUE;http://dx.doi.org/10.1016/j.envpol.2022.120712;2022
CSIC-Elsevier;Consejo Superior de Investigaciones Cientificas (CSIC);TRUE;http://dx.doi.org/10.1016/j.electacta.2022.141654;2022
CSIC-Elsevier;Consejo Superior de Investigaciones Cientificas (CSIC);TRUE;http://dx.doi.org/10.1016/j.seppur.2022.122625;2022
CSIC-Elsevier;Consejo Superior de Investigaciones Cientificas (CSIC);TRUE;http://dx.doi.org/10.1016/j.scitotenv.2022.160531;2022
CSIC-Elsevier;Consejo Superior de Investigaciones Cientificas (CSIC);TRUE;http://dx.doi.org/10.1016/j.fuel.2022.126983;2022
CSIC-Elsevier;Consejo Superior de Investigaciones Cientificas (CSIC);TRUE;http://dx.doi.org/10.1016/j.colsurfa.2022.130695;2022
CSIC-Elsevier;Consejo Superior de Investigaciones Cientificas (CSIC);TRUE;http://dx.doi.org/10.1016/j.cofs.2022.100973;2022
CSIC-Elsevier;Consejo Superior de Investigaciones Cientificas (CSIC);TRUE;http://dx.doi.org/10.1016/j.chroma.2022.463689;2022
CSIC-Elsevier;Consejo Superior de Investigaciones Cientificas (CSIC);TRUE;http://dx.doi.org/10.1016/j.plipres.2022.101207;2022
CSIC-Elsevier;Consejo Superior de Investigaciones Cientificas (CSIC);TRUE;http://dx.doi.org/10.1016/j.jcrysgro.2022.127024;2022
CSIC-Elsevier;Consejo Superior de Investigaciones Cientificas (CSIC);TRUE;http://dx.doi.org/10.1016/j.marpol.2022.105442;2022
CSIC-Elsevier;Consejo Superior de Investigaciones Cientificas (CSIC);TRUE;http://dx.doi.org/10.1016/j.foreco.2022.120710;2022
CSIC-Elsevier;Consejo Superior de Investigaciones Cientificas (CSIC);TRUE;http://dx.doi.org/10.1016/j.earscirev.2022.104286;2022
CSIC-Elsevier;Consejo Superior de Investigaciones Cientificas (CSIC);TRUE;http://dx.doi.org/10.1016/j.quageo.2022.101421;2022
CSIC-Elsevier;Consejo Superior de Investigaciones Cientificas (CSIC);TRUE;http://dx.doi.org/10.1016/j.tca.2022.179414;2022
CSIC-Elsevier;Consejo Superior de Investigaciones Cientificas (CSIC);TRUE;http://dx.doi.org/10.1016/j.foodchem.2022.135173;2022
CSIC-Elsevier;Consejo Superior de Investigaciones Cientificas (CSIC);TRUE;http://dx.doi.org/10.1016/j.carbpol.2022.120438;2022
CSIC-Elsevier;Consejo Superior de Investigaciones Cientificas (CSIC);TRUE;http://dx.doi.org/10.1016/j.actamat.2022.118601;2022
CSIC-Elsevier;Consejo Superior de Investigaciones Cientificas (CSIC);TRUE;http://dx.doi.org/10.1016/j.biocon.2022.109857;2022
CSIC-Elsevier;Consejo Superior de Investigaciones Cientificas (CSIC);TRUE;http://dx.doi.org/10.1016/j.bios.2022.115006;2022
CSIC-Elsevier;Consejo Superior de Investigaciones Cientificas (CSIC);TRUE;http://dx.doi.org/10.1016/j.phytochem.2022.113561;2022
CSIC-Elsevier;Consejo Superior de Investigaciones Cientificas (CSIC);TRUE;http://dx.doi.org/10.1016/j.anbehav.2022.12.002;2022
CSIC-Elsevier;Consejo Superior de Investigaciones Cientificas (CSIC);TRUE;http://dx.doi.org/10.1016/j.fuproc.2022.107616;2022
CSIC-Elsevier;Consejo Superior de Investigaciones Cientificas (CSIC);TRUE;http://dx.doi.org/10.1016/j.chemosphere.2022.137494;2022
CSIC-Elsevier;Consejo Superior de Investigaciones Cientificas (CSIC);TRUE;http://dx.doi.org/10.1016/j.quascirev.2022.107920;2022
CSIC-Elsevier;Consejo Superior de Investigaciones Cientificas (CSIC);TRUE;http://dx.doi.org/10.1016/j.fuel.2022.127133;2022
CSIC-Elsevier;Consejo Superior de Investigaciones Cientificas (CSIC);TRUE;http://dx.doi.org/10.1016/j.scitotenv.2022.160914;2022
CSIC-Elsevier;Consejo Superior de Investigaciones Cientificas (CSIC);TRUE;http://dx.doi.org/10.1016/j.est.2022.106226;2022
CSIC-Elsevier;Consejo Superior de Investigaciones Cientificas (CSIC);TRUE;http://dx.doi.org/10.1016/j.jobe.2022.105649;2022
CSIC-Elsevier;Consejo Superior de Investigaciones Cientificas (CSIC);TRUE;http://dx.doi.org/10.1016/j.agee.2022.108320;2022
CSIC-Elsevier;Consejo Superior de Investigaciones Cientificas (CSIC);TRUE;http://dx.doi.org/10.1016/j.fuel.2022.127177;2022
CSIC-Elsevier;Consejo Superior de Investigaciones Cientificas (CSIC);TRUE;http://dx.doi.org/10.1016/j.foodhyd.2022.107505;2022
CSIC-Elsevier;Consejo Superior de Investigaciones Cientificas (CSIC);TRUE;http://dx.doi.org/10.1016/j.cretres.2022.105268;2022
CSIC-Elsevier;Consejo Superior de Investigaciones Cientificas (CSIC);TRUE;http://dx.doi.org/10.1016/j.talanta.2022.124177;2022
CSIC-Elsevier;Consejo Superior de Investigaciones Cientificas (CSIC);TRUE;http://dx.doi.org/10.1016/j.ppees.2022.125685;2022
CSIC-Elsevier;Consejo Superior de Investigaciones Cientificas (CSIC);TRUE;http://dx.doi.org/10.1016/j.aim.2022.108570;2022
CSIC-Elsevier;Consejo Superior de Investigaciones Cientificas (CSIC);TRUE;http://dx.doi.org/10.1016/j.fsi.2022.07.039;2022
CSIC-Elsevier;Consejo Superior de Investigaciones Cientificas (CSIC);TRUE;http://dx.doi.org/10.1016/j.chemosphere.2022.136202;2022
CSIC-Elsevier;Consejo Superior de Investigaciones Cientificas (CSIC);TRUE;http://dx.doi.org/10.1016/j.biocon.2022.109747;2022
CSIC-Elsevier;Consejo Superior de Investigaciones Cientificas (CSIC);TRUE;http://dx.doi.org/10.1016/j.jeurceramsoc.2022.11.068;2022
CSIC-Elsevier;Consejo Superior de Investigaciones Cientificas (CSIC);TRUE;http://dx.doi.org/10.1016/j.anifeedsci.2022.115555;2022
CSIC-Elsevier;Consejo Superior de Investigaciones Cientificas (CSIC);TRUE;http://dx.doi.org/10.1016/j.mtchem.2022.100966;2022
CSIC-Elsevier;Consejo Superior de Investigaciones Cientificas (CSIC);TRUE;http://dx.doi.org/10.1016/j.ecss.2022.108037;2022
CSIC-Elsevier;Consejo Superior de Investigaciones Cientificas (CSIC);TRUE;http://dx.doi.org/10.1016/j.tre.2022.102998;2022
CSIC-Elsevier;Consejo Superior de Investigaciones Cientificas (CSIC);TRUE;http://dx.doi.org/10.1016/j.actamat.2022.118555;2022
CSIC-Elsevier;Consejo Superior de Investigaciones Cientificas (CSIC);TRUE;http://dx.doi.org/10.1016/j.bios.2022.115008;2022
CSIC-Elsevier;Consejo Superior de Investigaciones Cientificas (CSIC);TRUE;http://dx.doi.org/10.1016/j.foodchem.2022.135291;2022
CSIC-Elsevier;Consejo Superior de Investigaciones Cientificas (CSIC);TRUE;http://dx.doi.org/10.1016/j.ceramint.2022.08.058;2022
CSIC-Elsevier;Consejo Superior de Investigaciones Cientificas (CSIC);TRUE;http://dx.doi.org/10.1016/j.ceramint.2022.12.158;2022
CSIC-Elsevier;Consejo Superior de Investigaciones Cientificas (CSIC);TRUE;http://dx.doi.org/10.1016/j.cej.2022.141134;2022
CSIC-Elsevier;Consejo Superior de Investigaciones Cientificas (CSIC);TRUE;http://dx.doi.org/10.1016/j.cattod.2022.12.018;2022
CSIC-Elsevier;Consejo Superior de Investigaciones Cientificas (CSIC);TRUE;http://dx.doi.org/10.1016/j.chemosphere.2022.137642;2022
CSIC-Elsevier;Consejo Superior de Investigaciones Cientificas (CSIC);TRUE;http://dx.doi.org/10.1016/j.jelechem.2022.117114;2022
CSIC-Elsevier;Consejo Superior de Investigaciones Cientificas (CSIC);TRUE;http://dx.doi.org/10.1016/j.cattod.2022.12.022;2022
CSIC-Elsevier;Consejo Superior de Investigaciones Cientificas (CSIC);TRUE;http://dx.doi.org/10.1016/j.foreco.2022.120761;2022
CSIC-Elsevier;Consejo Superior de Investigaciones Cientificas (CSIC);TRUE;http://dx.doi.org/10.1016/j.euromechflu.2022.12.011;2022
CSIC-Elsevier;Consejo Superior de Investigaciones Cientificas (CSIC);TRUE;http://dx.doi.org/10.1016/j.foodres.2022.112357;2022
CSIC-Elsevier;Consejo Superior de Investigaciones Cientificas (CSIC);TRUE;http://dx.doi.org/10.1016/j.ultramic.2022.113674;2022
CSIC-Elsevier;Consejo Superior de Investigaciones Cientificas (CSIC);TRUE;http://dx.doi.org/10.1016/j.foreco.2022.120748;2022
CSIC-Elsevier;Consejo Superior de Investigaciones Cientificas (CSIC);TRUE;http://dx.doi.org/10.1016/j.epsl.2022.117978;2022
CSIC-Elsevier;Consejo Superior de Investigaciones Cientificas (CSIC);TRUE;http://dx.doi.org/10.1016/j.bioelechem.2022.108361;2022
CSIC-Elsevier;Consejo Superior de Investigaciones Cientificas (CSIC);TRUE;http://dx.doi.org/10.1016/j.scitotenv.2022.161287;2022
CSIC-Elsevier;Consejo Superior de Investigaciones Cientificas (CSIC);TRUE;http://dx.doi.org/10.1016/j.conbuildmat.2022.130272;2022
CSIC-Elsevier;Consejo Superior de Investigaciones Cientificas (CSIC);TRUE;http://dx.doi.org/10.1016/j.jclepro.2022.135836;2022
CSIC-Elsevier;Consejo Superior de Investigaciones Cientificas (CSIC);TRUE;http://dx.doi.org/10.1016/j.ydbio.2022.12.008;2022
CSIC-Elsevier;Consejo Superior de Investigaciones Cientificas (CSIC);TRUE;http://dx.doi.org/10.1016/j.cattod.2022.12.024;2022
CSIC-Elsevier;Consejo Superior de Investigaciones Cientificas (CSIC);TRUE;http://dx.doi.org/10.1016/j.foodres.2022.111649;2022
CSIC-Elsevier;Consejo Superior de Investigaciones Cientificas (CSIC);TRUE;http://dx.doi.org/10.1016/j.foodchem.2022.133991;2022
CSIC-Elsevier;Consejo Superior de Investigaciones Cientificas (CSIC);TRUE;http://dx.doi.org/10.1016/j.scitotenv.2022.160924;2022
CSIC-Elsevier;Consejo Superior de Investigaciones Cientificas (CSIC);TRUE;http://dx.doi.org/10.1016/j.ecss.2022.108110;2022
CSIC-Elsevier;Consejo Superior de Investigaciones Cientificas (CSIC);TRUE;http://dx.doi.org/10.1016/j.jip.2022.107750;2022
CSIC-Elsevier;Consejo Superior de Investigaciones Cientificas (CSIC);TRUE;http://dx.doi.org/10.1016/j.scitotenv.2022.155150;2022
CSIC-Elsevier;Consejo Superior de Investigaciones Cientificas (CSIC);TRUE;http://dx.doi.org/10.1016/j.ijhydene.2022.11.128;2022
CSIC-Elsevier;Consejo Superior de Investigaciones Cientificas (CSIC);TRUE;http://dx.doi.org/10.1016/j.marpolbul.2022.114530;2022
CSIC-Elsevier;Consejo Superior de Investigaciones Cientificas (CSIC);TRUE;http://dx.doi.org/10.1016/j.scitotenv.2022.161268;2022
CSIC-Elsevier;Consejo Superior de Investigaciones Cientificas (CSIC);TRUE;http://dx.doi.org/10.1016/j.polymer.2022.125647;2022
CSIC-Elsevier;Consejo Superior de Investigaciones Cientificas (CSIC);TRUE;http://dx.doi.org/10.1016/j.tifs.2022.05.009;2022
CSIC-Elsevier;Consejo Superior de Investigaciones Cientificas (CSIC);TRUE;http://dx.doi.org/10.1016/j.soilbio.2022.108762;2022
CSIC-Elsevier;Consejo Superior de Investigaciones Cientificas (CSIC);TRUE;http://dx.doi.org/10.1016/j.cnsns.2022.106800;2022
CSIC-Elsevier;Consejo Superior de Investigaciones Cientificas (CSIC);TRUE;http://dx.doi.org/10.1016/j.scitotenv.2022.159042;2022
CSIC-Elsevier;Consejo Superior de Investigaciones Cientificas (CSIC);TRUE;http://dx.doi.org/10.1016/j.foodres.2022.112163;2022
CSIC-Elsevier;Consejo Superior de Investigaciones Cientificas (CSIC);TRUE;http://dx.doi.org/10.1016/j.matcom.2022.11.013;2022
CSIC-Elsevier;Consejo Superior de Investigaciones Cientificas (CSIC);TRUE;http://dx.doi.org/10.1016/j.peptides.2022.170840;2022
CSIC-Elsevier;Consejo Superior de Investigaciones Cientificas (CSIC);TRUE;http://dx.doi.org/10.1016/j.mtchem.2022.101271;2022
CSIC-Elsevier;Consejo Superior de Investigaciones Cientificas (CSIC);TRUE;http://dx.doi.org/10.1016/j.scitotenv.2022.158914;2022
CSIC-Elsevier;Consejo Superior de Investigaciones Cientificas (CSIC);TRUE;http://dx.doi.org/10.1016/j.cemconcomp.2022.104759;2022
CSIC-Elsevier;Consejo Superior de Investigaciones Cientificas (CSIC);TRUE;http://dx.doi.org/10.1016/j.theriogenology.2022.07.020;2022
CSIC-Elsevier;Consejo Superior de Investigaciones Cientificas (CSIC);TRUE;http://dx.doi.org/10.1016/j.scitotenv.2022.161192;2022
CSIC-Elsevier;Consejo Superior de Investigaciones Cientificas (CSIC);TRUE;http://dx.doi.org/10.1016/j.ijhydene.2022.06.298;2022
CSIC-Elsevier;Consejo Superior de Investigaciones Cientificas (CSIC);TRUE;http://dx.doi.org/10.1016/j.envpol.2022.120001;2022
CSIC-Elsevier;Consejo Superior de Investigaciones Cientificas (CSIC);TRUE;http://dx.doi.org/10.1016/j.mtphys.2022.100687;2022
CSIC-Elsevier;Consejo Superior de Investigaciones Cientificas (CSIC);TRUE;http://dx.doi.org/10.1016/j.impact.2022.100447;2022
CSIC-Elsevier;Consejo Superior de Investigaciones Cientificas (CSIC);TRUE;http://dx.doi.org/10.1016/j.marenvres.2022.105702;2022
CSIC-Elsevier;Consejo Superior de Investigaciones Cientificas (CSIC);TRUE;http://dx.doi.org/10.1016/j.scitotenv.2022.155234;2022
CSIC-Elsevier;Consejo Superior de Investigaciones Cientificas (CSIC);TRUE;http://dx.doi.org/10.1016/j.apsusc.2022.156037;2022
CSIC-Elsevier;Consejo Superior de Investigaciones Cientificas (CSIC);TRUE;http://dx.doi.org/10.1016/j.ijhydene.2022.12.193;2022
CSIC-Elsevier;Consejo Superior de Investigaciones Cientificas (CSIC);TRUE;http://dx.doi.org/10.1016/j.dsr.2022.103899;2022
CSIC-Elsevier;Consejo Superior de Investigaciones Cientificas (CSIC);TRUE;http://dx.doi.org/10.1016/j.jssc.2022.123826;2022
CSIC-Elsevier;Consejo Superior de Investigaciones Cientificas (CSIC);TRUE;http://dx.doi.org/10.1016/j.apsoil.2022.104677;2022
